"species","breeding_country","group_1","Percent_1","group_2","Percent_2","group_3","Percent_3","group_4","Percent_4","group_5","Percent_5","group_6","Percent_6","group_7","Percent_7","group_8","Percent_8","group_9","Percent_9"
"Ardenna bulleri","New Zealand","New Zealand",49.6829162347905,NA,NA,NA,NA,NA,NA,NA,NA,NA,NA,NA,NA,NA,NA,NA,NA
"Ardenna bulleri","New Zealand",NA,NA,"United States",18.304481414187,NA,NA,NA,NA,NA,NA,NA,NA,NA,NA,NA,NA,NA,NA
"Ardenna bulleri","New Zealand",NA,NA,NA,NA,NA,10.7774568669165,NA,NA,NA,NA,NA,NA,NA,NA,NA,NA,NA,NA
"Ardenna bulleri","New Zealand",NA,NA,NA,NA,NA,NA,"Australia",7.76792554255428,NA,NA,NA,NA,NA,NA,NA,NA,NA,NA
"Ardenna bulleri","New Zealand",NA,NA,NA,NA,NA,NA,NA,NA,"United States",6.6993397503148,"22",6.76788019123692,NA,NA,NA,NA,NA,NA
"Ardenna carneipes","Australia","China",35.8038508047305,NA,NA,NA,NA,NA,NA,NA,NA,NA,NA,NA,NA,NA,NA,NA,NA
"Ardenna carneipes","Australia",NA,NA,"South Korea",18.2830485690851,NA,NA,NA,NA,NA,NA,NA,NA,NA,NA,NA,NA,NA,NA
"Ardenna carneipes","Australia",NA,NA,NA,NA,"Japan/South Korea",10.4189215122491,NA,NA,NA,NA,NA,NA,NA,NA,NA,NA,NA,NA
"Ardenna carneipes","Australia",NA,NA,NA,NA,NA,NA,"Japan",9.1031856735546,NA,NA,NA,NA,NA,NA,NA,NA,NA,NA
"Ardenna carneipes","Australia",NA,NA,NA,NA,NA,NA,NA,NA,"North Korea",8.91138587233381,"22",17.4796075680468,NA,NA,NA,NA,NA,NA
"Ardenna carneipes","New Zealand","Japan",39.891242980739,NA,NA,NA,NA,NA,NA,NA,NA,NA,NA,NA,NA,NA,NA,NA,NA
"Ardenna carneipes","New Zealand",NA,NA,"Japan/Russia",34.5139623642882,NA,NA,NA,NA,NA,NA,NA,NA,NA,NA,NA,NA,NA,NA
"Ardenna carneipes","New Zealand",NA,NA,NA,NA,"New Zealand",12.1385713667697,"38",13.4562232882031,NA,NA,NA,NA,NA,NA,NA,NA,NA,NA
"Ardenna creatopus","Chile","United States",33.2945101959838,NA,NA,NA,NA,NA,NA,NA,NA,NA,NA,NA,NA,NA,NA,NA,NA
"Ardenna creatopus","Chile",NA,NA,"Mexico",17.0837043504906,NA,NA,NA,NA,NA,NA,NA,NA,NA,NA,NA,NA,NA,NA
"Ardenna creatopus","Chile",NA,NA,NA,NA,"Costa Rica",11.1218794724471,NA,NA,NA,NA,NA,NA,NA,NA,NA,NA,NA,NA
"Ardenna creatopus","Chile",NA,NA,NA,NA,NA,NA,"Chile",6.50865316346054,NA,NA,NA,NA,NA,NA,NA,NA,NA,NA
"Ardenna creatopus","Chile",NA,NA,NA,NA,NA,NA,NA,NA,"Costa Rica",6.40173594770403,NA,NA,NA,NA,NA,NA,NA,NA
"Ardenna creatopus","Chile",NA,NA,NA,NA,NA,NA,NA,NA,NA,NA,"Peru",5.49669592674966,"11",20.0928209431643,NA,NA,NA,NA
"Ardenna gravis","UK","Uruguay",45.9055330521965,NA,NA,NA,NA,NA,NA,NA,NA,NA,NA,NA,NA,NA,NA,NA,NA
"Ardenna gravis","UK",NA,NA,"Uruguay",30.291110037934,NA,NA,NA,NA,NA,NA,NA,NA,NA,NA,NA,NA,NA,NA
"Ardenna gravis","UK",NA,NA,NA,NA,"United Kingdom",10.7832592134444,NA,NA,NA,NA,NA,NA,NA,NA,NA,NA,NA,NA
"Ardenna gravis","UK",NA,NA,NA,NA,NA,NA,"Argentina",8.36740411647832,"59",4.65269357994675,NA,NA,NA,NA,NA,NA,NA,NA
"Ardenna grisea","New Zealand","Japan/Russia",35.3578231924613,NA,NA,NA,NA,NA,NA,NA,NA,NA,NA,NA,NA,NA,NA,NA,NA
"Ardenna grisea","New Zealand",NA,NA,"Japan",30.255111138154,NA,NA,NA,NA,NA,NA,NA,NA,NA,NA,NA,NA,NA,NA
"Ardenna grisea","New Zealand",NA,NA,NA,NA,"Uruguay",7.03437898832957,NA,NA,NA,NA,NA,NA,NA,NA,NA,NA,NA,NA
"Ardenna grisea","New Zealand",NA,NA,NA,NA,NA,NA,"Uruguay",6.86537246995687,NA,NA,NA,NA,NA,NA,NA,NA,NA,NA
"Ardenna grisea","New Zealand",NA,NA,NA,NA,NA,NA,NA,NA,"United States",6.82550875328374,"53",13.6618054578146,NA,NA,NA,NA,NA,NA
"Ardenna grisea","UK","Uruguay",30.60570642759,NA,NA,NA,NA,NA,NA,NA,NA,NA,NA,NA,NA,NA,NA,NA,NA
"Ardenna grisea","UK",NA,NA,"Uruguay",22.3296173128567,NA,NA,NA,NA,NA,NA,NA,NA,NA,NA,NA,NA,NA,NA
"Ardenna grisea","UK",NA,NA,NA,NA,"Argentina",9.10257354701737,NA,NA,NA,NA,NA,NA,NA,NA,NA,NA,NA,NA
"Ardenna grisea","UK",NA,NA,NA,NA,NA,NA,"Brazil",7.88894357328048,NA,NA,NA,NA,NA,NA,NA,NA,NA,NA
"Ardenna grisea","UK",NA,NA,NA,NA,NA,NA,NA,NA,"United Kingdom",6.20439095635948,NA,NA,NA,NA,NA,NA,NA,NA
"Ardenna grisea","UK",NA,NA,NA,NA,NA,NA,NA,NA,NA,NA,"United Kingdom",5.74528615857683,"22",18.1234820243191,NA,NA,NA,NA
"Ardenna pacifica","USA","United States",99.7074427537338,"1",0.292557246266179,NA,NA,NA,NA,NA,NA,NA,NA,NA,NA,NA,NA,NA,NA
"Ardenna pacifica","Australia","Singapore",90.1540761872957,NA,NA,NA,NA,NA,NA,NA,NA,NA,NA,NA,NA,NA,NA,NA,NA
"Ardenna pacifica","Australia",NA,NA,"Australia",5.99895522470008,"9",3.84696858800425,NA,NA,NA,NA,NA,NA,NA,NA,NA,NA,NA,NA
"Ardenna pacifica","Mauritius","France",47.6859706758745,NA,NA,NA,NA,NA,NA,NA,NA,NA,NA,NA,NA,NA,NA,NA,NA
"Ardenna pacifica","Mauritius",NA,NA,"Republic of Mauritius",25.3809920067448,NA,NA,NA,NA,NA,NA,NA,NA,NA,NA,NA,NA,NA,NA
"Ardenna pacifica","Mauritius",NA,NA,NA,NA,"France/Madagascar/Republic of Mauritius",22.4517998880279,"13",4.4812374293529,NA,NA,NA,NA,NA,NA,NA,NA,NA,NA
"Ardenna pacifica","France","France",56.6882368666411,NA,NA,NA,NA,NA,NA,NA,NA,NA,NA,NA,NA,NA,NA,NA,NA
"Ardenna pacifica","France",NA,NA,"France",12.6005744503822,NA,NA,NA,NA,NA,NA,NA,NA,NA,NA,NA,NA,NA,NA
"Ardenna pacifica","France",NA,NA,NA,NA,"France/Madagascar/Republic of Mauritius",11.299747433633,NA,NA,NA,NA,NA,NA,NA,NA,NA,NA,NA,NA
"Ardenna pacifica","France",NA,NA,NA,NA,NA,NA,"Republic of Mauritius",9.99826406435123,"23",9.4131771849925,NA,NA,NA,NA,NA,NA,NA,NA
"Ardenna pacifica","Seychelles","France",23.8254182456462,NA,NA,NA,NA,NA,NA,NA,NA,NA,NA,NA,NA,NA,NA,NA,NA
"Ardenna pacifica","Seychelles",NA,NA,"France/Madagascar/Republic of Mauritius",16.4303050832741,NA,NA,NA,NA,NA,NA,NA,NA,NA,NA,NA,NA,NA,NA
"Ardenna pacifica","Seychelles",NA,NA,NA,NA,"Seychelles",15.91669510342,NA,NA,NA,NA,NA,NA,NA,NA,NA,NA,NA,NA
"Ardenna pacifica","Seychelles",NA,NA,NA,NA,NA,NA,"Republic of Mauritius",13.8109534082874,NA,NA,NA,NA,NA,NA,NA,NA,NA,NA
"Ardenna pacifica","Seychelles",NA,NA,NA,NA,NA,NA,NA,NA,"Sri Lanka",6.64126158424638,"17",23.375366575126,NA,NA,NA,NA,NA,NA
"Ardenna tenuirostris","Australia","Japan/Russia",67.4590350709887,NA,NA,NA,NA,NA,NA,NA,NA,NA,NA,NA,NA,NA,NA,NA,NA
"Ardenna tenuirostris","Australia",NA,NA,"Japan",8.64322088333094,NA,NA,NA,NA,NA,NA,NA,NA,NA,NA,NA,NA,NA,NA
"Ardenna tenuirostris","Australia",NA,NA,NA,NA,"North Korea",7.27314248391022,NA,NA,NA,NA,NA,NA,NA,NA,NA,NA,NA,NA
"Ardenna tenuirostris","Australia",NA,NA,NA,NA,NA,NA,"Japan/South Korea",5.50625692466321,"22",11.1183446371069,NA,NA,NA,NA,NA,NA,NA,NA
"Bulweria bulwerii","Portugal","Portugal",49.1378030524825,NA,NA,NA,NA,NA,NA,NA,NA,NA,NA,NA,NA,NA,NA,NA,NA
"Bulweria bulwerii","Portugal",NA,NA,"Spain",21.8123208375775,NA,NA,NA,NA,NA,NA,NA,NA,NA,NA,NA,NA,NA,NA
"Bulweria bulwerii","Portugal",NA,NA,NA,NA,"Portugal",10.8855992254015,NA,NA,NA,NA,NA,NA,NA,NA,NA,NA,NA,NA
"Bulweria bulwerii","Portugal",NA,NA,NA,NA,NA,NA,"Portugal",5.880796244067,"21",12.2834806404715,NA,NA,NA,NA,NA,NA,NA,NA
"Bulweria bulwerii","Spain","Spain",37.266184000885,NA,NA,NA,NA,NA,NA,NA,NA,NA,NA,NA,NA,NA,NA,NA,NA
"Bulweria bulwerii","Spain",NA,NA,"Portugal",21.5841995646068,NA,NA,NA,NA,NA,NA,NA,NA,NA,NA,NA,NA,NA,NA
"Bulweria bulwerii","Spain",NA,NA,NA,NA,"Portugal",14.2691777622681,NA,NA,NA,NA,NA,NA,NA,NA,NA,NA,NA,NA
"Bulweria bulwerii","Spain",NA,NA,NA,NA,NA,NA,"Western Sahara",8.06757757101951,NA,NA,NA,NA,NA,NA,NA,NA,NA,NA
"Bulweria bulwerii","Spain",NA,NA,NA,NA,NA,NA,NA,NA,"Morocco",6.90835705740028,"17",11.9045040438203,NA,NA,NA,NA,NA,NA
"Bulweria bulwerii","Cape Verde","Cape Verde",64.9250698140142,NA,NA,NA,NA,NA,NA,NA,NA,NA,NA,NA,NA,NA,NA,NA,NA
"Bulweria bulwerii","Cape Verde",NA,NA,"Brazil",10.3608332235547,"16",24.7140969624311,NA,NA,NA,NA,NA,NA,NA,NA,NA,NA,NA,NA
"Calonectris borealis","Portugal","Spain/Morocco",21.9956614986037,NA,NA,NA,NA,NA,NA,NA,NA,NA,NA,NA,NA,NA,NA,NA,NA
"Calonectris borealis","Portugal",NA,NA,"Spain/Morocco",21.9956614986037,NA,NA,NA,NA,NA,NA,NA,NA,NA,NA,NA,NA,NA,NA
"Calonectris borealis","Portugal",NA,NA,NA,NA,"United Kingdom",21.9956614986037,NA,NA,NA,NA,NA,NA,NA,NA,NA,NA,NA,NA
"Calonectris borealis","Portugal",NA,NA,NA,NA,NA,NA,"Portugal",11.5932357973046,"67",22.4197797068843,NA,NA,NA,NA,NA,NA,NA,NA
"Calonectris borealis","Spain","Spain",31.8809704897325,NA,NA,NA,NA,NA,NA,NA,NA,NA,NA,NA,NA,NA,NA,NA,NA
"Calonectris borealis","Spain",NA,NA,"Portugal",20.1418413198647,NA,NA,NA,NA,NA,NA,NA,NA,NA,NA,NA,NA,NA,NA
"Calonectris borealis","Spain",NA,NA,NA,NA,"South Africa",12.2180041648909,NA,NA,NA,NA,NA,NA,NA,NA,NA,NA,NA,NA
"Calonectris borealis","Spain",NA,NA,NA,NA,NA,NA,"Western Sahara",10.6573349243621,"41",25.1018491011498,NA,NA,NA,NA,NA,NA,NA,NA
"Calonectris diomedea","Spain","Spain/Morocco",21.4208778580354,NA,NA,NA,NA,NA,NA,NA,NA,NA,NA,NA,NA,NA,NA,NA,NA
"Calonectris diomedea","Spain",NA,NA,"Spain/Morocco",19.0914653123751,NA,NA,NA,NA,NA,NA,NA,NA,NA,NA,NA,NA,NA,NA
"Calonectris diomedea","Spain",NA,NA,NA,NA,"Spain/Morocco",19.0914653123751,NA,NA,NA,NA,NA,NA,NA,NA,NA,NA,NA,NA
"Calonectris diomedea","Spain",NA,NA,NA,NA,NA,NA,"United Kingdom",19.0914653123751,NA,NA,NA,NA,NA,NA,NA,NA,NA,NA
"Calonectris diomedea","Spain",NA,NA,NA,NA,NA,NA,NA,NA,"Algeria",12.162950645365,NA,NA,NA,NA,NA,NA,NA,NA
"Calonectris diomedea","Spain",NA,NA,NA,NA,NA,NA,NA,NA,NA,NA,"Spain",7.242339867777,"61",1.8994356916974,NA,NA,NA,NA
"Calonectris diomedea","Italy","Tunisia",43.2504465667161,NA,NA,NA,NA,NA,NA,NA,NA,NA,NA,NA,NA,NA,NA,NA,NA
"Calonectris diomedea","Italy",NA,NA,"Malta",42.6017182734812,NA,NA,NA,NA,NA,NA,NA,NA,NA,NA,NA,NA,NA,NA
"Calonectris diomedea","Italy",NA,NA,NA,NA,"Libya",5.76808210501454,"53",8.37975305478811,NA,NA,NA,NA,NA,NA,NA,NA,NA,NA
"Calonectris diomedea","Malta","Malta",54.0882143041572,NA,NA,NA,NA,NA,NA,NA,NA,NA,NA,NA,NA,NA,NA,NA,NA
"Calonectris diomedea","Malta",NA,NA,"Tunisia",25.5600964276243,NA,NA,NA,NA,NA,NA,NA,NA,NA,NA,NA,NA,NA,NA
"Calonectris diomedea","Malta",NA,NA,NA,NA,"Libya",9.42130095320073,NA,NA,NA,NA,NA,NA,NA,NA,NA,NA,NA,NA
"Calonectris diomedea","Malta",NA,NA,NA,NA,NA,NA,"Italy",6.70064253733214,"54",4.22974577768569,NA,NA,NA,NA,NA,NA,NA,NA
"Calonectris diomedea","Tunisia","Tunisia",48.4890128434703,NA,NA,NA,NA,NA,NA,NA,NA,NA,NA,NA,NA,NA,NA,NA,NA
"Calonectris diomedea","Tunisia",NA,NA,"Malta",32.6437328198299,NA,NA,NA,NA,NA,NA,NA,NA,NA,NA,NA,NA,NA,NA
"Calonectris diomedea","Tunisia",NA,NA,NA,NA,"Libya",7.77365262121179,NA,NA,NA,NA,NA,NA,NA,NA,NA,NA,NA,NA
"Calonectris diomedea","Tunisia",NA,NA,NA,NA,NA,NA,"Italy",5.92254622714503,"51",5.17105548834304,NA,NA,NA,NA,NA,NA,NA,NA
"Calonectris edwardsii","Cape Verde","Uruguay",53.5634323630078,NA,NA,NA,NA,NA,NA,NA,NA,NA,NA,NA,NA,NA,NA,NA,NA
"Calonectris edwardsii","Cape Verde",NA,NA,"Uruguay",21.6074124766921,NA,NA,NA,NA,NA,NA,NA,NA,NA,NA,NA,NA,NA,NA
"Calonectris edwardsii","Cape Verde",NA,NA,NA,NA,"Brazil",14.0549825204219,"15",10.7741726398782,NA,NA,NA,NA,NA,NA,NA,NA,NA,NA
"Calonectris leucomelas","Japan","Japan",76.7429611995559,NA,NA,NA,NA,NA,NA,NA,NA,NA,NA,NA,NA,NA,NA,NA,NA
"Calonectris leucomelas","Japan",NA,NA,"Japan/Russia",6.89391268893627,"19",16.3631261115078,NA,NA,NA,NA,NA,NA,NA,NA,NA,NA,NA,NA
"Calonectris leucomelas","South Korea","Singapore",43.6494556454143,NA,NA,NA,NA,NA,NA,NA,NA,NA,NA,NA,NA,NA,NA,NA,NA
"Calonectris leucomelas","South Korea",NA,NA,"Brunei",31.865382456917,NA,NA,NA,NA,NA,NA,NA,NA,NA,NA,NA,NA,NA,NA
"Calonectris leucomelas","South Korea",NA,NA,NA,NA,"Malaysia",7.29387010750992,NA,NA,NA,NA,NA,NA,NA,NA,NA,NA,NA,NA
"Calonectris leucomelas","South Korea",NA,NA,NA,NA,NA,NA,"China",7.16669839751612,"17",10.0245933926426,NA,NA,NA,NA,NA,NA,NA,NA
"Daption capense","Antarctica","New Zealand",72.2743280392348,NA,NA,NA,NA,NA,NA,NA,NA,NA,NA,NA,NA,NA,NA,NA,NA
"Daption capense","Antarctica",NA,NA,"Australia",19.6088695818327,NA,NA,NA,NA,NA,NA,NA,NA,NA,NA,NA,NA,NA,NA
"Daption capense","Antarctica",NA,NA,NA,NA,"Australia",7.69377416278922,"2",0.423028216143217,NA,NA,NA,NA,NA,NA,NA,NA,NA,NA
"Fulmarus glacialis","Norway","Denmark",23.4815495194544,NA,NA,NA,NA,NA,NA,NA,NA,NA,NA,NA,NA,NA,NA,NA,NA
"Fulmarus glacialis","Norway",NA,NA,"Norway",14.7205292965231,NA,NA,NA,NA,NA,NA,NA,NA,NA,NA,NA,NA,NA,NA
"Fulmarus glacialis","Norway",NA,NA,NA,NA,"Norway",14.2607135557648,NA,NA,NA,NA,NA,NA,NA,NA,NA,NA,NA,NA
"Fulmarus glacialis","Norway",NA,NA,NA,NA,NA,NA,"Iceland",11.2352783391715,NA,NA,NA,NA,NA,NA,NA,NA,NA,NA
"Fulmarus glacialis","Norway",NA,NA,NA,NA,NA,NA,NA,NA,"Norway",7.78654936372646,NA,NA,NA,NA,NA,NA,NA,NA
"Fulmarus glacialis","Norway",NA,NA,NA,NA,NA,NA,NA,NA,NA,NA,"Germany",7.26611841929519,NA,NA,NA,NA,NA,NA
"Fulmarus glacialis","Norway",NA,NA,NA,NA,NA,NA,NA,NA,NA,NA,NA,NA,"Netherlands",5.82664540406819,"15",15.4226161019965,NA,NA
"Fulmarus glacialis","Iceland","Iceland",20.0811606757202,NA,NA,NA,NA,NA,NA,NA,NA,NA,NA,NA,NA,NA,NA,NA,NA
"Fulmarus glacialis","Iceland",NA,NA,"Iceland",19.3488482854941,NA,NA,NA,NA,NA,NA,NA,NA,NA,NA,NA,NA,NA,NA
"Fulmarus glacialis","Iceland",NA,NA,NA,NA,"Denmark",13.7177842811889,NA,NA,NA,NA,NA,NA,NA,NA,NA,NA,NA,NA
"Fulmarus glacialis","Iceland",NA,NA,NA,NA,NA,NA,"Norway",11.7421899117698,NA,NA,NA,NA,NA,NA,NA,NA,NA,NA
"Fulmarus glacialis","Iceland",NA,NA,NA,NA,NA,NA,NA,NA,"Denmark",10.7035980253118,NA,NA,NA,NA,NA,NA,NA,NA
"Fulmarus glacialis","Iceland",NA,NA,NA,NA,NA,NA,NA,NA,NA,NA,"Denmark",10.0904689307766,NA,NA,NA,NA,NA,NA
"Fulmarus glacialis","Iceland",NA,NA,NA,NA,NA,NA,NA,NA,NA,NA,NA,NA,"Norway",6.16038605115903,"8",8.15556383857962,NA,NA
"Fulmarus glacialis","Canada","Ireland",59.5305092811198,NA,NA,NA,NA,NA,NA,NA,NA,NA,NA,NA,NA,NA,NA,NA,NA
"Fulmarus glacialis","Canada",NA,NA,"Denmark",26.6976338549793,NA,NA,NA,NA,NA,NA,NA,NA,NA,NA,NA,NA,NA,NA
"Fulmarus glacialis","Canada",NA,NA,NA,NA,"Canada",11.4072350079958,"2",2.36462185590499,NA,NA,NA,NA,NA,NA,NA,NA,NA,NA
"Fulmarus glacialis","Denmark","Denmark",24.2349551111174,NA,NA,NA,NA,NA,NA,NA,NA,NA,NA,NA,NA,NA,NA,NA,NA
"Fulmarus glacialis","Denmark",NA,NA,"United Kingdom",20.277045922436,NA,NA,NA,NA,NA,NA,NA,NA,NA,NA,NA,NA,NA,NA
"Fulmarus glacialis","Denmark",NA,NA,NA,NA,"Denmark",14.8150128310205,NA,NA,NA,NA,NA,NA,NA,NA,NA,NA,NA,NA
"Fulmarus glacialis","Denmark",NA,NA,NA,NA,NA,NA,"Denmark",10.1052121569043,NA,NA,NA,NA,NA,NA,NA,NA,NA,NA
"Fulmarus glacialis","Denmark",NA,NA,NA,NA,NA,NA,NA,NA,"United Kingdom",9.84852232327298,NA,NA,NA,NA,NA,NA,NA,NA
"Fulmarus glacialis","Denmark",NA,NA,NA,NA,NA,NA,NA,NA,NA,NA,"Norway",7.07930205749476,"15",13.6399495977541,NA,NA,NA,NA
"Fulmarus glacialis","UK","United Kingdom",28.0137034936569,NA,NA,NA,NA,NA,NA,NA,NA,NA,NA,NA,NA,NA,NA,NA,NA
"Fulmarus glacialis","UK",NA,NA,"Denmark",15.1405133735462,NA,NA,NA,NA,NA,NA,NA,NA,NA,NA,NA,NA,NA,NA
"Fulmarus glacialis","UK",NA,NA,NA,NA,"Netherlands",13.6582203001478,NA,NA,NA,NA,NA,NA,NA,NA,NA,NA,NA,NA
"Fulmarus glacialis","UK",NA,NA,NA,NA,NA,NA,"United Kingdom",11.2407677454841,NA,NA,NA,NA,NA,NA,NA,NA,NA,NA
"Fulmarus glacialis","UK",NA,NA,NA,NA,NA,NA,NA,NA,"United Kingdom",7.86039291780684,NA,NA,NA,NA,NA,NA,NA,NA
"Fulmarus glacialis","UK",NA,NA,NA,NA,NA,NA,NA,NA,NA,NA,"Germany",6.66194073831847,"16",17.4244614310396,NA,NA,NA,NA
"Fulmarus glacialoides","Antarctica","Australia",22.4120729716374,NA,NA,NA,NA,NA,NA,NA,NA,NA,NA,NA,NA,NA,NA,NA,NA
"Fulmarus glacialoides","Antarctica",NA,NA,"Antarctica",18.4065970432564,NA,NA,NA,NA,NA,NA,NA,NA,NA,NA,NA,NA,NA,NA
"Fulmarus glacialoides","Antarctica",NA,NA,NA,NA,"Australia",14.5715353773701,NA,NA,NA,NA,NA,NA,NA,NA,NA,NA,NA,NA
"Fulmarus glacialoides","Antarctica",NA,NA,NA,NA,NA,NA,"Australia",14.0112545782133,NA,NA,NA,NA,NA,NA,NA,NA,NA,NA
"Fulmarus glacialoides","Antarctica",NA,NA,NA,NA,NA,NA,NA,NA,"France",13.1010445158111,NA,NA,NA,NA,NA,NA,NA,NA
"Fulmarus glacialoides","Antarctica",NA,NA,NA,NA,NA,NA,NA,NA,NA,NA,"New Zealand",5.96774070444845,NA,NA,NA,NA,NA,NA
"Fulmarus glacialoides","Antarctica",NA,NA,NA,NA,NA,NA,NA,NA,NA,NA,NA,NA,NA,5.94685343301101,NA,NA,NA,NA
"Fulmarus glacialoides","Antarctica",NA,NA,NA,NA,NA,NA,NA,NA,NA,NA,NA,NA,NA,NA,"France",5.07257755312265,"2",0.51032382312954
"Halobaena caerulea","France","France",90.2507362135745,NA,NA,NA,NA,NA,NA,NA,NA,NA,NA,NA,NA,NA,NA,NA,NA
"Halobaena caerulea","France",NA,NA,"France",5.10675855777165,"10",4.64250522865389,NA,NA,NA,NA,NA,NA,NA,NA,NA,NA,NA,NA
"Halobaena caerulea","UK","United Kingdom",66.0810818317464,NA,NA,NA,NA,NA,NA,NA,NA,NA,NA,NA,NA,NA,NA,NA,NA
"Halobaena caerulea","UK",NA,NA,"United Kingdom",20.0877670392346,NA,NA,NA,NA,NA,NA,NA,NA,NA,NA,NA,NA,NA,NA
"Halobaena caerulea","UK",NA,NA,NA,NA,NA,6.27284426410009,"5",7.55830686491895,NA,NA,NA,NA,NA,NA,NA,NA,NA,NA
"Hydrobates castro","Portugal","Spain/Morocco",30.7333989225601,NA,NA,NA,NA,NA,NA,NA,NA,NA,NA,NA,NA,NA,NA,NA,NA
"Hydrobates castro","Portugal",NA,NA,"Spain/Morocco",30.7333989225601,NA,NA,NA,NA,NA,NA,NA,NA,NA,NA,NA,NA,NA,NA
"Hydrobates castro","Portugal",NA,NA,NA,NA,"United Kingdom",30.7333989225601,"61",7.79980323231955,NA,NA,NA,NA,NA,NA,NA,NA,NA,NA
"Hydrobates castro","UK","United Kingdom",98.1661473380527,"1",1.8338526619473,NA,NA,NA,NA,NA,NA,NA,NA,NA,NA,NA,NA,NA,NA
"Hydrobates furcatus","Canada","United States",76.7733822917243,NA,NA,NA,NA,NA,NA,NA,NA,NA,NA,NA,NA,NA,NA,NA,NA
"Hydrobates furcatus","Canada",NA,NA,"Canada",21.3590017816894,"2",1.86761592658629,NA,NA,NA,NA,NA,NA,NA,NA,NA,NA,NA,NA
"Hydrobates jabejabe","Cape Verde","Cape Verde",95.1584085249338,"5",4.84159147506617,NA,NA,NA,NA,NA,NA,NA,NA,NA,NA,NA,NA,NA,NA
"Hydrobates leucorhous","Canada","United States",42.3318004090762,NA,NA,NA,NA,NA,NA,NA,NA,NA,NA,NA,NA,NA,NA,NA,NA
"Hydrobates leucorhous","Canada",NA,NA,"Mexico",11.7880511115138,NA,NA,NA,NA,NA,NA,NA,NA,NA,NA,NA,NA,NA,NA
"Hydrobates leucorhous","Canada",NA,NA,NA,NA,"France",11.1114556881959,NA,NA,NA,NA,NA,NA,NA,NA,NA,NA,NA,NA
"Hydrobates leucorhous","Canada",NA,NA,NA,NA,NA,NA,"Canada",8.29785559883204,NA,NA,NA,NA,NA,NA,NA,NA,NA,NA
"Hydrobates leucorhous","Canada",NA,NA,NA,NA,NA,NA,NA,NA,"Ecuador",5.30854366744268,"11",21.1622935249394,NA,NA,NA,NA,NA,NA
"Hydrobates monteiroi","Portugal","Portugal",99.9439762172667,"1",0.0560237827333159,NA,NA,NA,NA,NA,NA,NA,NA,NA,NA,NA,NA,NA,NA
"Hydrobates pelagicus","Spain","Spain/Morocco",25.6168110185048,NA,NA,NA,NA,NA,NA,NA,NA,NA,NA,NA,NA,NA,NA,NA,NA
"Hydrobates pelagicus","Spain",NA,NA,"Spain/Morocco",18.8015956143322,NA,NA,NA,NA,NA,NA,NA,NA,NA,NA,NA,NA,NA,NA
"Hydrobates pelagicus","Spain",NA,NA,NA,NA,"Spain/Morocco",18.8015956143322,NA,NA,NA,NA,NA,NA,NA,NA,NA,NA,NA,NA
"Hydrobates pelagicus","Spain",NA,NA,NA,NA,NA,NA,"United Kingdom",18.8015956143322,NA,NA,NA,NA,NA,NA,NA,NA,NA,NA
"Hydrobates pelagicus","Spain",NA,NA,NA,NA,NA,NA,NA,NA,"Algeria",11.3950309024568,NA,NA,NA,NA,NA,NA,NA,NA
"Hydrobates pelagicus","Spain",NA,NA,NA,NA,NA,NA,NA,NA,NA,NA,"Spain",5.72604262161252,"1",0.857328614429163,NA,NA,NA,NA
"Hydrobates pelagicus","Italy","Monaco",39.3732894210263,NA,NA,NA,NA,NA,NA,NA,NA,NA,NA,NA,NA,NA,NA,NA,NA
"Hydrobates pelagicus","Italy",NA,NA,"Italy",17.1399032756615,NA,NA,NA,NA,NA,NA,NA,NA,NA,NA,NA,NA,NA,NA
"Hydrobates pelagicus","Italy",NA,NA,NA,NA,"Algeria",13.36249869748,NA,NA,NA,NA,NA,NA,NA,NA,NA,NA,NA,NA
"Hydrobates pelagicus","Italy",NA,NA,NA,NA,NA,NA,"Spain",10.9903586721892,NA,NA,NA,NA,NA,NA,NA,NA,NA,NA
"Hydrobates pelagicus","Italy",NA,NA,NA,NA,NA,NA,NA,NA,"Vatican City",7.2041159580667,NA,NA,NA,NA,NA,NA,NA,NA
"Hydrobates pelagicus","Italy",NA,NA,NA,NA,NA,NA,NA,NA,NA,NA,"France",6.37050646687227,NA,NA,NA,NA,NA,NA
"Hydrobates pelagicus","Italy",NA,NA,NA,NA,NA,NA,NA,NA,NA,NA,NA,NA,"Tunisia",5.55932750870404,"0",0,NA,NA
"Hydrobates pelagicus","Ireland","Ireland",95.5491025069115,"2",4.45089749308853,NA,NA,NA,NA,NA,NA,NA,NA,NA,NA,NA,NA,NA,NA
"Hydrobates pelagicus","Malta","Malta",42.6840945467737,NA,NA,NA,NA,NA,NA,NA,NA,NA,NA,NA,NA,NA,NA,NA,NA
"Hydrobates pelagicus","Malta",NA,NA,"Tunisia",36.2489360565261,NA,NA,NA,NA,NA,NA,NA,NA,NA,NA,NA,NA,NA,NA
"Hydrobates pelagicus","Malta",NA,NA,NA,NA,"Italy",8.10585588857623,NA,NA,NA,NA,NA,NA,NA,NA,NA,NA,NA,NA
"Hydrobates pelagicus","Malta",NA,NA,NA,NA,NA,NA,"Libya",6.55979100594922,"21",6.40132250217477,NA,NA,NA,NA,NA,NA,NA,NA
"Hydrobates pelagicus","UK","United Kingdom",48.3581382560748,NA,NA,NA,NA,NA,NA,NA,NA,NA,NA,NA,NA,NA,NA,NA,NA
"Hydrobates pelagicus","UK",NA,NA,"United Kingdom",24.9798683599864,NA,NA,NA,NA,NA,NA,NA,NA,NA,NA,NA,NA,NA,NA
"Hydrobates pelagicus","UK",NA,NA,NA,NA,"Norway",12.7127731348027,NA,NA,NA,NA,NA,NA,NA,NA,NA,NA,NA,NA
"Hydrobates pelagicus","UK",NA,NA,NA,NA,NA,NA,"Denmark",7.7091496552856,"3",6.24007059385058,NA,NA,NA,NA,NA,NA,NA,NA
"Oceanites oceanicus","UK","Antarctica",99.7514860818025,"1",0.248513918197547,NA,NA,NA,NA,NA,NA,NA,NA,NA,NA,NA,NA,NA,NA
"Pachyptila belcheri","France","France",40.4819521284326,NA,NA,NA,NA,NA,NA,NA,NA,NA,NA,NA,NA,NA,NA,NA,NA
"Pachyptila belcheri","France",NA,NA,"South Africa",14.8612714987626,NA,NA,NA,NA,NA,NA,NA,NA,NA,NA,NA,NA,NA,NA
"Pachyptila belcheri","France",NA,NA,NA,NA,NA,14.00321595358,NA,NA,NA,NA,NA,NA,NA,NA,NA,NA,NA,NA
"Pachyptila belcheri","France",NA,NA,NA,NA,NA,NA,"United Kingdom",10.4240188075034,NA,NA,NA,NA,NA,NA,NA,NA,NA,NA
"Pachyptila belcheri","France",NA,NA,NA,NA,NA,NA,NA,NA,"France",7.22132197663678,NA,NA,NA,NA,NA,NA,NA,NA
"Pachyptila belcheri","France",NA,NA,NA,NA,NA,NA,NA,NA,NA,NA,"France",7.11372126551101,"4",5.89449836957368,NA,NA,NA,NA
"Pachyptila belcheri","UK","Argentina",46.0833321564319,NA,NA,NA,NA,NA,NA,NA,NA,NA,NA,NA,NA,NA,NA,NA,NA
"Pachyptila belcheri","UK",NA,NA,"Uruguay",28.6265968350066,NA,NA,NA,NA,NA,NA,NA,NA,NA,NA,NA,NA,NA,NA
"Pachyptila belcheri","UK",NA,NA,NA,NA,"United Kingdom",21.3145164803427,"6",3.97555452821883,NA,NA,NA,NA,NA,NA,NA,NA,NA,NA
"Pachyptila desolata","France","France",71.8091645523276,NA,NA,NA,NA,NA,NA,NA,NA,NA,NA,NA,NA,NA,NA,NA,NA
"Pachyptila desolata","France",NA,NA,"Madagascar",8.26304137516767,NA,NA,NA,NA,NA,NA,NA,NA,NA,NA,NA,NA,NA,NA
"Pachyptila desolata","France",NA,NA,NA,NA,NA,7.56433354718196,NA,NA,NA,NA,NA,NA,NA,NA,NA,NA,NA,NA
"Pachyptila desolata","France",NA,NA,NA,NA,NA,NA,"Australia",7.39781053944895,"7",4.96564998587384,NA,NA,NA,NA,NA,NA,NA,NA
"Pachyptila desolata","UK","Uruguay",84.299767934317,NA,NA,NA,NA,NA,NA,NA,NA,NA,NA,NA,NA,NA,NA,NA,NA
"Pachyptila desolata","UK",NA,NA,"Uruguay",6.46200228124474,"7",9.23822978443821,NA,NA,NA,NA,NA,NA,NA,NA,NA,NA,NA,NA
"Pachyptila macgillivrayi","UK","United Kingdom",99.0616836113517,"5",0.938316388648326,NA,NA,NA,NA,NA,NA,NA,NA,NA,NA,NA,NA,NA,NA
"Pachyptila turtur","New Zealand","New Zealand",99.9388322036686,"1",0.0611677963313764,NA,NA,NA,NA,NA,NA,NA,NA,NA,NA,NA,NA,NA,NA
"Pachyptila turtur","Australia","Australia",99.9300152169783,"1",0.069984783021685,NA,NA,NA,NA,NA,NA,NA,NA,NA,NA,NA,NA,NA,NA
"Pachyptila vittata","UK","United Kingdom",98.2203937742742,"3",1.77960622572576,NA,NA,NA,NA,NA,NA,NA,NA,NA,NA,NA,NA,NA,NA
"Pagodroma nivea","Antarctica","Australia",44.1615881720761,NA,NA,NA,NA,NA,NA,NA,NA,NA,NA,NA,NA,NA,NA,NA,NA
"Pagodroma nivea","Antarctica",NA,NA,"Norway",32.3047492599777,NA,NA,NA,NA,NA,NA,NA,NA,NA,NA,NA,NA,NA,NA
"Pagodroma nivea","Antarctica",NA,NA,NA,NA,"Antarctica",11.9887167317469,"4",11.5449458361994,NA,NA,NA,NA,NA,NA,NA,NA,NA,NA
"Pelagodroma marina","Cape Verde","Cape Verde",88.5969348910319,NA,NA,NA,NA,NA,NA,NA,NA,NA,NA,NA,NA,NA,NA,NA,NA
"Pelagodroma marina","Cape Verde",NA,NA,"Senegal",5.51244366041579,"5",5.8906214485523,NA,NA,NA,NA,NA,NA,NA,NA,NA,NA,NA,NA
"Pelagodroma marina","Portugal","Portugal",55.3338310002079,NA,NA,NA,NA,NA,NA,NA,NA,NA,NA,NA,NA,NA,NA,NA,NA
"Pelagodroma marina","Portugal",NA,NA,"Spain",37.6790590056035,NA,NA,NA,NA,NA,NA,NA,NA,NA,NA,NA,NA,NA,NA
"Pelagodroma marina","Portugal",NA,NA,NA,NA,"Morocco",5.45470679286464,"2",1.53240320132391,NA,NA,NA,NA,NA,NA,NA,NA,NA,NA
"Pelecanoides garnotii","Peru","Peru",99.9845288186193,"1",0.015471181380661,NA,NA,NA,NA,NA,NA,NA,NA,NA,NA,NA,NA,NA,NA
"Pelecanoides georgicus","UK","United Kingdom",82.9572709659198,NA,NA,NA,NA,NA,NA,NA,NA,NA,NA,NA,NA,NA,NA,NA,NA
"Pelecanoides georgicus","UK",NA,NA,"United Kingdom",13.7879273599636,"2",3.25480167411651,NA,NA,NA,NA,NA,NA,NA,NA,NA,NA,NA,NA
"Pelecanoides urinatrix","Australia","Australia",100,NA,NA,NA,NA,NA,NA,NA,NA,NA,NA,NA,NA,NA,NA,NA,NA
"Pelecanoides urinatrix","New Zealand","New Zealand",99.9362322499798,"1",0.0637677500202471,NA,NA,NA,NA,NA,NA,NA,NA,NA,NA,NA,NA,NA,NA
"Pelecanoides urinatrix","UK","United Kingdom",90.0082862518798,NA,NA,NA,NA,NA,NA,NA,NA,NA,NA,NA,NA,NA,NA,NA,NA
"Pelecanoides urinatrix","UK",NA,NA,"United Kingdom",8.99424222625169,"3",0.997471521868503,NA,NA,NA,NA,NA,NA,NA,NA,NA,NA,NA,NA
"Pelecanoides whenuahouensis","New Zealand","New Zealand",95.2045484493081,"4",4.79545155069185,NA,NA,NA,NA,NA,NA,NA,NA,NA,NA,NA,NA,NA,NA
"Procellaria aequinoctialis","New Zealand","Chile",47.2859942171656,NA,NA,NA,NA,NA,NA,NA,NA,NA,NA,NA,NA,NA,NA,NA,NA
"Procellaria aequinoctialis","New Zealand",NA,NA,"New Zealand",28.268844110174,NA,NA,NA,NA,NA,NA,NA,NA,NA,NA,NA,NA,NA,NA
"Procellaria aequinoctialis","New Zealand",NA,NA,NA,NA,"Chile",14.7306979998257,"13",9.7144636728347,NA,NA,NA,NA,NA,NA,NA,NA,NA,NA
"Procellaria aequinoctialis","France","South Africa",37.6244323408128,NA,NA,NA,NA,NA,NA,NA,NA,NA,NA,NA,NA,NA,NA,NA,NA
"Procellaria aequinoctialis","France",NA,NA,"Namibia",19.5395721606687,NA,NA,NA,NA,NA,NA,NA,NA,NA,NA,NA,NA,NA,NA
"Procellaria aequinoctialis","France",NA,NA,NA,NA,"Democratic Republic of the Congo",14.6224415073814,NA,NA,NA,NA,NA,NA,NA,NA,NA,NA,NA,NA
"Procellaria aequinoctialis","France",NA,NA,NA,NA,NA,NA,"France",8.90610196323129,"26",19.3074520279057,NA,NA,NA,NA,NA,NA,NA,NA
"Procellaria aequinoctialis","South Africa","South Africa",96.6757168296372,"7",3.32428317036275,NA,NA,NA,NA,NA,NA,NA,NA,NA,NA,NA,NA,NA,NA
"Procellaria aequinoctialis","UK","Uruguay",49.2350076706213,NA,NA,NA,NA,NA,NA,NA,NA,NA,NA,NA,NA,NA,NA,NA,NA
"Procellaria aequinoctialis","UK",NA,NA,"Uruguay",39.2182751071281,NA,NA,NA,NA,NA,NA,NA,NA,NA,NA,NA,NA,NA,NA
"Procellaria aequinoctialis","UK",NA,NA,NA,NA,"Argentina",6.86363469386691,"6",4.68308252838376,NA,NA,NA,NA,NA,NA,NA,NA,NA,NA
"Procellaria cinerea","New Zealand","New Zealand",97.0097529596134,"6",2.99024704038661,NA,NA,NA,NA,NA,NA,NA,NA,NA,NA,NA,NA,NA,NA
"Procellaria cinerea","UK","United Kingdom",92.5771490178523,"11",7.4228509821477,NA,NA,NA,NA,NA,NA,NA,NA,NA,NA,NA,NA,NA,NA
"Procellaria cinerea","France","France",92.6911040623552,"6",7.3088959376448,NA,NA,NA,NA,NA,NA,NA,NA,NA,NA,NA,NA,NA,NA
"Procellaria cinerea","South Africa","United Kingdom",71.8542032893337,NA,NA,NA,NA,NA,NA,NA,NA,NA,NA,NA,NA,NA,NA,NA,NA
"Procellaria cinerea","South Africa",NA,NA,"South Africa",13.7262961157,NA,NA,NA,NA,NA,NA,NA,NA,NA,NA,NA,NA,NA,NA
"Procellaria cinerea","South Africa",NA,NA,NA,NA,"South Africa",11.6976323320306,"4",2.72186826293574,NA,NA,NA,NA,NA,NA,NA,NA,NA,NA
"Procellaria conspicillata","UK","United Kingdom",67.0653038531166,NA,NA,NA,NA,NA,NA,NA,NA,NA,NA,NA,NA,NA,NA,NA,NA
"Procellaria conspicillata","UK",NA,NA,"Uruguay",13.7539056228456,NA,NA,NA,NA,NA,NA,NA,NA,NA,NA,NA,NA,NA,NA
"Procellaria conspicillata","UK",NA,NA,NA,NA,"Brazil",10.0342715466033,NA,NA,NA,NA,NA,NA,NA,NA,NA,NA,NA,NA
"Procellaria conspicillata","UK",NA,NA,NA,NA,NA,NA,"Uruguay",6.04140231169982,"4",3.10511666573467,NA,NA,NA,NA,NA,NA,NA,NA
"Procellaria parkinsoni","New Zealand","Ecuador",33.1882094716231,NA,NA,NA,NA,NA,NA,NA,NA,NA,NA,NA,NA,NA,NA,NA,NA
"Procellaria parkinsoni","New Zealand",NA,NA,"Ecuador",28.2293871229502,NA,NA,NA,NA,NA,NA,NA,NA,NA,NA,NA,NA,NA,NA
"Procellaria parkinsoni","New Zealand",NA,NA,NA,NA,"Colombia",11.7948335409344,NA,NA,NA,NA,NA,NA,NA,NA,NA,NA,NA,NA
"Procellaria parkinsoni","New Zealand",NA,NA,NA,NA,NA,NA,"Chile",5.81847306465269,NA,NA,NA,NA,NA,NA,NA,NA,NA,NA
"Procellaria parkinsoni","New Zealand",NA,NA,NA,NA,NA,NA,NA,NA,"Peru",5.60797596274597,"40",15.3611208370937,NA,NA,NA,NA,NA,NA
"Procellaria westlandica","New Zealand","New Zealand",93.5102602912655,NA,NA,NA,NA,NA,NA,NA,NA,NA,NA,NA,NA,NA,NA,NA,NA
"Procellaria westlandica","New Zealand",NA,NA,"Chile",5.04939055432765,"4",1.44034915440682,NA,NA,NA,NA,NA,NA,NA,NA,NA,NA,NA,NA
"Pseudobulweria aterrima","France","France",54.2389717512586,NA,NA,NA,NA,NA,NA,NA,NA,NA,NA,NA,NA,NA,NA,NA,NA
"Pseudobulweria aterrima","France",NA,NA,"Republic of Mauritius",10.6076477767931,NA,NA,NA,NA,NA,NA,NA,NA,NA,NA,NA,NA,NA,NA
"Pseudobulweria aterrima","France",NA,NA,NA,NA,"Madagascar",10.3125236867374,NA,NA,NA,NA,NA,NA,NA,NA,NA,NA,NA,NA
"Pseudobulweria aterrima","France",NA,NA,NA,NA,NA,NA,"France/Madagascar/Republic of Mauritius",8.27006664942765,"31",16.5707901357833,NA,NA,NA,NA,NA,NA,NA,NA
"Pseudobulweria rostrata","France","France",43.1708859289399,NA,NA,NA,NA,NA,NA,NA,NA,NA,NA,NA,NA,NA,NA,NA,NA
"Pseudobulweria rostrata","France",NA,NA,"Australia",23.6265611463845,NA,NA,NA,NA,NA,NA,NA,NA,NA,NA,NA,NA,NA,NA
"Pseudobulweria rostrata","France",NA,NA,NA,NA,"France/Vanuatu",21.7602726343711,NA,NA,NA,NA,NA,NA,NA,NA,NA,NA,NA,NA
"Pseudobulweria rostrata","France",NA,NA,NA,NA,NA,NA,"Vanuatu",11.1942261089817,"4",0.248054181322739,NA,NA,NA,NA,NA,NA,NA,NA
"Pterodroma arminjoniana","Brazil","Brazil",84.0369926415924,NA,NA,NA,NA,NA,NA,NA,NA,NA,NA,NA,NA,NA,NA,NA,NA
"Pterodroma arminjoniana","Brazil",NA,NA,"United Kingdom",6.9697042470914,"16",8.99330311131623,NA,NA,NA,NA,NA,NA,NA,NA,NA,NA,NA,NA
