"dtime","dataset_id","scientific_name","common_name","site_name","colony_name","lat_colony","lon_colony","device","bird_id","track_id","age","sex","breed_stage","breed_status","track_time","equinox","argos_quality","longitude","latitude"
2015-01-10 12:01:00,1386,"Procellaria aequinoctialis","White-chinned Petrel","South Georgia (Islas Georgias del Sur)","Bird Island (SGSSI (IGSISS))",-54,-38.03,"GPS","HT65423","82164","adult","male","incubation","breeding",1420891260,NA,NA,-36.9620542387077,-52.0550101153579
2015-01-11 00:01:00,1386,"Procellaria aequinoctialis","White-chinned Petrel","South Georgia (Islas Georgias del Sur)","Bird Island (SGSSI (IGSISS))",-54,-38.03,"GPS","HT65423","82164","adult","male","incubation","breeding",1420934460,NA,NA,-37.1270336017805,-50.4119365299049
2015-01-11 12:01:00,1386,"Procellaria aequinoctialis","White-chinned Petrel","South Georgia (Islas Georgias del Sur)","Bird Island (SGSSI (IGSISS))",-54,-38.03,"GPS","HT65423","82164","adult","male","incubation","breeding",1420977660,NA,NA,-42.3998294697184,-53.1317035338796
2015-01-12 00:01:00,1386,"Procellaria aequinoctialis","White-chinned Petrel","South Georgia (Islas Georgias del Sur)","Bird Island (SGSSI (IGSISS))",-54,-38.03,"GPS","HT65423","82164","adult","male","incubation","breeding",1421020860,NA,NA,-49.2211480015474,-51.4097820481814
2015-01-12 12:01:00,1386,"Procellaria aequinoctialis","White-chinned Petrel","South Georgia (Islas Georgias del Sur)","Bird Island (SGSSI (IGSISS))",-54,-38.03,"GPS","HT65423","82164","adult","male","incubation","breeding",1421064060,NA,NA,-53.5302927770732,-50.805225679853
2015-01-13 00:01:00,1386,"Procellaria aequinoctialis","White-chinned Petrel","South Georgia (Islas Georgias del Sur)","Bird Island (SGSSI (IGSISS))",-54,-38.03,"GPS","HT65423","82164","adult","male","incubation","breeding",1421107260,NA,NA,-56.8882908273342,-46.899687100835
2015-01-13 12:01:00,1386,"Procellaria aequinoctialis","White-chinned Petrel","South Georgia (Islas Georgias del Sur)","Bird Island (SGSSI (IGSISS))",-54,-38.03,"GPS","HT65423","82164","adult","male","incubation","breeding",1421150460,NA,NA,-59.4198598008927,-46.2551399037088
2015-01-14 00:01:00,1386,"Procellaria aequinoctialis","White-chinned Petrel","South Georgia (Islas Georgias del Sur)","Bird Island (SGSSI (IGSISS))",-54,-38.03,"GPS","HT65423","82164","adult","male","incubation","breeding",1421193660,NA,NA,-60.6299715925779,-46.7531371009862
2015-01-14 12:01:00,1386,"Procellaria aequinoctialis","White-chinned Petrel","South Georgia (Islas Georgias del Sur)","Bird Island (SGSSI (IGSISS))",-54,-38.03,"GPS","HT65423","82164","adult","male","incubation","breeding",1421236860,NA,NA,-60.8693180985771,-46.9157164426721
2015-01-15 00:01:00,1386,"Procellaria aequinoctialis","White-chinned Petrel","South Georgia (Islas Georgias del Sur)","Bird Island (SGSSI (IGSISS))",-54,-38.03,"GPS","HT65423","82164","adult","male","incubation","breeding",1421280060,NA,NA,-60.1442616704136,-46.1473082994496
2015-01-15 12:01:00,1386,"Procellaria aequinoctialis","White-chinned Petrel","South Georgia (Islas Georgias del Sur)","Bird Island (SGSSI (IGSISS))",-54,-38.03,"GPS","HT65423","82164","adult","male","incubation","breeding",1421323260,NA,NA,-60.5746250016626,-46.8314292823942
2015-01-16 00:01:00,1386,"Procellaria aequinoctialis","White-chinned Petrel","South Georgia (Islas Georgias del Sur)","Bird Island (SGSSI (IGSISS))",-54,-38.03,"GPS","HT65423","82164","adult","male","incubation","breeding",1421366460,NA,NA,-60.8095169321517,-47.0214439386546
2015-01-16 12:01:00,1386,"Procellaria aequinoctialis","White-chinned Petrel","South Georgia (Islas Georgias del Sur)","Bird Island (SGSSI (IGSISS))",-54,-38.03,"GPS","HT65423","82164","adult","male","incubation","breeding",1421409660,NA,NA,-60.9987441689081,-47.0687756389457
2015-01-17 00:01:00,1386,"Procellaria aequinoctialis","White-chinned Petrel","South Georgia (Islas Georgias del Sur)","Bird Island (SGSSI (IGSISS))",-54,-38.03,"GPS","HT65423","82164","adult","male","incubation","breeding",1421452860,NA,NA,-60.1314457109961,-45.6025209425632
2015-01-17 12:01:00,1386,"Procellaria aequinoctialis","White-chinned Petrel","South Georgia (Islas Georgias del Sur)","Bird Island (SGSSI (IGSISS))",-54,-38.03,"GPS","HT65423","82164","adult","male","incubation","breeding",1421496060,NA,NA,-60.1338911392982,-45.790059846501
2015-01-18 00:01:00,1386,"Procellaria aequinoctialis","White-chinned Petrel","South Georgia (Islas Georgias del Sur)","Bird Island (SGSSI (IGSISS))",-54,-38.03,"GPS","HT65423","82164","adult","male","incubation","breeding",1421539260,NA,NA,-58.3693408228318,-45.8892756314045
2015-01-18 12:01:00,1386,"Procellaria aequinoctialis","White-chinned Petrel","South Georgia (Islas Georgias del Sur)","Bird Island (SGSSI (IGSISS))",-54,-38.03,"GPS","HT65423","82164","adult","male","incubation","breeding",1421582460,NA,NA,-54.8718623743438,-46.9210781371999
2015-01-19 00:01:00,1386,"Procellaria aequinoctialis","White-chinned Petrel","South Georgia (Islas Georgias del Sur)","Bird Island (SGSSI (IGSISS))",-54,-38.03,"GPS","HT65423","82164","adult","male","incubation","breeding",1421625660,NA,NA,-50.0822146946694,-48.8555250900007
2015-01-19 12:01:00,1386,"Procellaria aequinoctialis","White-chinned Petrel","South Georgia (Islas Georgias del Sur)","Bird Island (SGSSI (IGSISS))",-54,-38.03,"GPS","HT65423","82164","adult","male","incubation","breeding",1421668860,NA,NA,-44.3656257593457,-51.2104363978946
2015-01-06 01:29:00,1386,"Procellaria aequinoctialis","White-chinned Petrel","South Georgia (Islas Georgias del Sur)","Bird Island (SGSSI (IGSISS))",-54,-38.03,"GPS","HT65431","82166","adult","male","incubation","breeding",1420507740,NA,NA,-40.3807888049679,-56.9701095873918
2015-01-06 13:29:00,1386,"Procellaria aequinoctialis","White-chinned Petrel","South Georgia (Islas Georgias del Sur)","Bird Island (SGSSI (IGSISS))",-54,-38.03,"GPS","HT65431","82166","adult","male","incubation","breeding",1420550940,NA,NA,-44.957928662184,-56.5621679934713
2015-01-07 01:29:00,1386,"Procellaria aequinoctialis","White-chinned Petrel","South Georgia (Islas Georgias del Sur)","Bird Island (SGSSI (IGSISS))",-54,-38.03,"GPS","HT65431","82166","adult","male","incubation","breeding",1420594140,NA,NA,-48.0462938431606,-55.0002369509021
2015-01-07 13:29:00,1386,"Procellaria aequinoctialis","White-chinned Petrel","South Georgia (Islas Georgias del Sur)","Bird Island (SGSSI (IGSISS))",-54,-38.03,"GPS","HT65431","82166","adult","male","incubation","breeding",1420637340,NA,NA,-51.9804197010228,-55.6484406621755
2015-01-08 01:29:00,1386,"Procellaria aequinoctialis","White-chinned Petrel","South Georgia (Islas Georgias del Sur)","Bird Island (SGSSI (IGSISS))",-54,-38.03,"GPS","HT65431","82166","adult","male","incubation","breeding",1420680540,NA,NA,-52.8939440341144,-55.2064965725266
2015-01-08 13:29:00,1386,"Procellaria aequinoctialis","White-chinned Petrel","South Georgia (Islas Georgias del Sur)","Bird Island (SGSSI (IGSISS))",-54,-38.03,"GPS","HT65431","82166","adult","male","incubation","breeding",1420723740,NA,NA,-53.7964971271674,-51.5355323997877
2015-01-09 01:29:00,1386,"Procellaria aequinoctialis","White-chinned Petrel","South Georgia (Islas Georgias del Sur)","Bird Island (SGSSI (IGSISS))",-54,-38.03,"GPS","HT65431","82166","adult","male","incubation","breeding",1420766940,NA,NA,-54.2925062565803,-47.6901302369094
2015-01-09 13:29:00,1386,"Procellaria aequinoctialis","White-chinned Petrel","South Georgia (Islas Georgias del Sur)","Bird Island (SGSSI (IGSISS))",-54,-38.03,"GPS","HT65431","82166","adult","male","incubation","breeding",1420810140,NA,NA,-57.2555310136013,-45.7578174096131
2015-01-10 01:29:00,1386,"Procellaria aequinoctialis","White-chinned Petrel","South Georgia (Islas Georgias del Sur)","Bird Island (SGSSI (IGSISS))",-54,-38.03,"GPS","HT65431","82166","adult","male","incubation","breeding",1420853340,NA,NA,-58.536139641992,-45.123894280595
2015-01-10 13:29:00,1386,"Procellaria aequinoctialis","White-chinned Petrel","South Georgia (Islas Georgias del Sur)","Bird Island (SGSSI (IGSISS))",-54,-38.03,"GPS","HT65431","82166","adult","male","incubation","breeding",1420896540,NA,NA,-59.7357516717878,-44.9249568768434
2015-01-11 01:29:00,1386,"Procellaria aequinoctialis","White-chinned Petrel","South Georgia (Islas Georgias del Sur)","Bird Island (SGSSI (IGSISS))",-54,-38.03,"GPS","HT65431","82166","adult","male","incubation","breeding",1420939740,NA,NA,-59.3395004306609,-44.0532776497676
2015-01-11 13:29:00,1386,"Procellaria aequinoctialis","White-chinned Petrel","South Georgia (Islas Georgias del Sur)","Bird Island (SGSSI (IGSISS))",-54,-38.03,"GPS","HT65431","82166","adult","male","incubation","breeding",1420982940,NA,NA,-58.7439320588529,-42.8895508013591
2015-01-12 01:29:00,1386,"Procellaria aequinoctialis","White-chinned Petrel","South Georgia (Islas Georgias del Sur)","Bird Island (SGSSI (IGSISS))",-54,-38.03,"GPS","HT65431","82166","adult","male","incubation","breeding",1421026140,NA,NA,-59.3697443855036,-41.9689958346414
2015-01-12 13:29:00,1386,"Procellaria aequinoctialis","White-chinned Petrel","South Georgia (Islas Georgias del Sur)","Bird Island (SGSSI (IGSISS))",-54,-38.03,"GPS","HT65431","82166","adult","male","incubation","breeding",1421069340,NA,NA,-59.42036,-41.3917699938126
2015-01-13 01:29:00,1386,"Procellaria aequinoctialis","White-chinned Petrel","South Georgia (Islas Georgias del Sur)","Bird Island (SGSSI (IGSISS))",-54,-38.03,"GPS","HT65431","82166","adult","male","incubation","breeding",1421112540,NA,NA,-57.9027601676795,-40.6189428680246
2015-01-13 13:29:00,1386,"Procellaria aequinoctialis","White-chinned Petrel","South Georgia (Islas Georgias del Sur)","Bird Island (SGSSI (IGSISS))",-54,-38.03,"GPS","HT65431","82166","adult","male","incubation","breeding",1421155740,NA,NA,-58.267881292589,-39.8762593091583
2015-01-14 01:29:00,1386,"Procellaria aequinoctialis","White-chinned Petrel","South Georgia (Islas Georgias del Sur)","Bird Island (SGSSI (IGSISS))",-54,-38.03,"GPS","HT65431","82166","adult","male","incubation","breeding",1421198940,NA,NA,-59.7429000678055,-40.8899106202314
2015-01-14 13:29:00,1386,"Procellaria aequinoctialis","White-chinned Petrel","South Georgia (Islas Georgias del Sur)","Bird Island (SGSSI (IGSISS))",-54,-38.03,"GPS","HT65431","82166","adult","male","incubation","breeding",1421242140,NA,NA,-60.2786242278812,-41.3666445249371
2015-01-15 01:29:00,1386,"Procellaria aequinoctialis","White-chinned Petrel","South Georgia (Islas Georgias del Sur)","Bird Island (SGSSI (IGSISS))",-54,-38.03,"GPS","HT65431","82166","adult","male","incubation","breeding",1421285340,NA,NA,-60.1186418471769,-41.3643499892319
2015-01-15 13:29:00,1386,"Procellaria aequinoctialis","White-chinned Petrel","South Georgia (Islas Georgias del Sur)","Bird Island (SGSSI (IGSISS))",-54,-38.03,"GPS","HT65431","82166","adult","male","incubation","breeding",1421328540,NA,NA,-57.6296736575108,-42.4732022735029
2015-01-16 01:29:00,1386,"Procellaria aequinoctialis","White-chinned Petrel","South Georgia (Islas Georgias del Sur)","Bird Island (SGSSI (IGSISS))",-54,-38.03,"GPS","HT65431","82166","adult","male","incubation","breeding",1421371740,NA,NA,-52.9799369503655,-47.404961121751
2015-01-16 13:29:00,1386,"Procellaria aequinoctialis","White-chinned Petrel","South Georgia (Islas Georgias del Sur)","Bird Island (SGSSI (IGSISS))",-54,-38.03,"GPS","HT65431","82166","adult","male","incubation","breeding",1421414940,NA,NA,-46.9611664344625,-49.8985224109175
2015-01-01 14:05:00,1386,"Procellaria aequinoctialis","White-chinned Petrel","South Georgia (Islas Georgias del Sur)","Bird Island (SGSSI (IGSISS))",-54,-38.03,"GPS","HT65462","82167","adult","female","incubation","breeding",1420121100,NA,NA,-39.5499743001027,-53.08700277696
2015-01-02 02:05:00,1386,"Procellaria aequinoctialis","White-chinned Petrel","South Georgia (Islas Georgias del Sur)","Bird Island (SGSSI (IGSISS))",-54,-38.03,"GPS","HT65462","82167","adult","female","incubation","breeding",1420164300,NA,NA,-40.8060532568271,-53.2169403389842
2015-01-02 14:05:00,1386,"Procellaria aequinoctialis","White-chinned Petrel","South Georgia (Islas Georgias del Sur)","Bird Island (SGSSI (IGSISS))",-54,-38.03,"GPS","HT65462","82167","adult","female","incubation","breeding",1420207500,NA,NA,-42.1637047412031,-53.2272191244576
2015-01-03 02:05:00,1386,"Procellaria aequinoctialis","White-chinned Petrel","South Georgia (Islas Georgias del Sur)","Bird Island (SGSSI (IGSISS))",-54,-38.03,"GPS","HT65462","82167","adult","female","incubation","breeding",1420250700,NA,NA,-45.0093347307531,-52.4857614383517
2015-01-03 14:05:00,1386,"Procellaria aequinoctialis","White-chinned Petrel","South Georgia (Islas Georgias del Sur)","Bird Island (SGSSI (IGSISS))",-54,-38.03,"GPS","HT65462","82167","adult","female","incubation","breeding",1420293900,NA,NA,-50.6617583658419,-49.8545503806464
2015-01-04 02:05:00,1386,"Procellaria aequinoctialis","White-chinned Petrel","South Georgia (Islas Georgias del Sur)","Bird Island (SGSSI (IGSISS))",-54,-38.03,"GPS","HT65462","82167","adult","female","incubation","breeding",1420337100,NA,NA,-52.7080060902559,-47.6830320308766
2015-01-04 14:05:00,1386,"Procellaria aequinoctialis","White-chinned Petrel","South Georgia (Islas Georgias del Sur)","Bird Island (SGSSI (IGSISS))",-54,-38.03,"GPS","HT65462","82167","adult","female","incubation","breeding",1420380300,NA,NA,-54.1487700124848,-45.798577697453
2015-01-05 02:05:00,1386,"Procellaria aequinoctialis","White-chinned Petrel","South Georgia (Islas Georgias del Sur)","Bird Island (SGSSI (IGSISS))",-54,-38.03,"GPS","HT65462","82167","adult","female","incubation","breeding",1420423500,NA,NA,-56.8815504775553,-45.280650613601
2015-01-05 14:05:00,1386,"Procellaria aequinoctialis","White-chinned Petrel","South Georgia (Islas Georgias del Sur)","Bird Island (SGSSI (IGSISS))",-54,-38.03,"GPS","HT65462","82167","adult","female","incubation","breeding",1420466700,NA,NA,-59.1447896965172,-46.058798935049
2015-01-06 02:05:00,1386,"Procellaria aequinoctialis","White-chinned Petrel","South Georgia (Islas Georgias del Sur)","Bird Island (SGSSI (IGSISS))",-54,-38.03,"GPS","HT65462","82167","adult","female","incubation","breeding",1420509900,NA,NA,-60.1145953138757,-46.0726189081799
2015-01-06 14:05:00,1386,"Procellaria aequinoctialis","White-chinned Petrel","South Georgia (Islas Georgias del Sur)","Bird Island (SGSSI (IGSISS))",-54,-38.03,"GPS","HT65462","82167","adult","female","incubation","breeding",1420553100,NA,NA,-60.7765001113676,-46.3563471794225
2015-01-07 02:05:00,1386,"Procellaria aequinoctialis","White-chinned Petrel","South Georgia (Islas Georgias del Sur)","Bird Island (SGSSI (IGSISS))",-54,-38.03,"GPS","HT65462","82167","adult","female","incubation","breeding",1420596300,NA,NA,-60.7112776699676,-46.0798046984765
2015-01-07 14:05:00,1386,"Procellaria aequinoctialis","White-chinned Petrel","South Georgia (Islas Georgias del Sur)","Bird Island (SGSSI (IGSISS))",-54,-38.03,"GPS","HT65462","82167","adult","female","incubation","breeding",1420639500,NA,NA,-60.2411304660221,-45.735097327909
2015-01-08 02:05:00,1386,"Procellaria aequinoctialis","White-chinned Petrel","South Georgia (Islas Georgias del Sur)","Bird Island (SGSSI (IGSISS))",-54,-38.03,"GPS","HT65462","82167","adult","female","incubation","breeding",1420682700,NA,NA,-59.9199555848938,-44.6222607760335
2015-01-08 14:05:00,1386,"Procellaria aequinoctialis","White-chinned Petrel","South Georgia (Islas Georgias del Sur)","Bird Island (SGSSI (IGSISS))",-54,-38.03,"GPS","HT65462","82167","adult","female","incubation","breeding",1420725900,NA,NA,-60.9235266106189,-43.4820627460259
2015-01-09 02:05:00,1386,"Procellaria aequinoctialis","White-chinned Petrel","South Georgia (Islas Georgias del Sur)","Bird Island (SGSSI (IGSISS))",-54,-38.03,"GPS","HT65462","82167","adult","female","incubation","breeding",1420769100,NA,NA,-61.2724672907772,-44.0581655557035
2015-01-09 14:05:00,1386,"Procellaria aequinoctialis","White-chinned Petrel","South Georgia (Islas Georgias del Sur)","Bird Island (SGSSI (IGSISS))",-54,-38.03,"GPS","HT65462","82167","adult","female","incubation","breeding",1420812300,NA,NA,-61.333162977324,-44.0030965463473
2015-01-10 02:05:00,1386,"Procellaria aequinoctialis","White-chinned Petrel","South Georgia (Islas Georgias del Sur)","Bird Island (SGSSI (IGSISS))",-54,-38.03,"GPS","HT65462","82167","adult","female","incubation","breeding",1420855500,NA,NA,-61.4846300010689,-44.0055939936099
2015-01-10 14:05:00,1386,"Procellaria aequinoctialis","White-chinned Petrel","South Georgia (Islas Georgias del Sur)","Bird Island (SGSSI (IGSISS))",-54,-38.03,"GPS","HT65462","82167","adult","female","incubation","breeding",1420898700,NA,NA,-61.7112725043115,-44.6881466879258
2015-01-11 02:05:00,1386,"Procellaria aequinoctialis","White-chinned Petrel","South Georgia (Islas Georgias del Sur)","Bird Island (SGSSI (IGSISS))",-54,-38.03,"GPS","HT65462","82167","adult","female","incubation","breeding",1420941900,NA,NA,-60.2097507239993,-45.9293246627506
2015-01-11 14:05:00,1386,"Procellaria aequinoctialis","White-chinned Petrel","South Georgia (Islas Georgias del Sur)","Bird Island (SGSSI (IGSISS))",-54,-38.03,"GPS","HT65462","82167","adult","female","incubation","breeding",1420985100,NA,NA,-60.1226789793413,-45.767534859321
2015-01-12 02:05:00,1386,"Procellaria aequinoctialis","White-chinned Petrel","South Georgia (Islas Georgias del Sur)","Bird Island (SGSSI (IGSISS))",-54,-38.03,"GPS","HT65462","82167","adult","female","incubation","breeding",1421028300,NA,NA,-59.9588295819228,-45.2484035654455
2015-01-12 14:05:00,1386,"Procellaria aequinoctialis","White-chinned Petrel","South Georgia (Islas Georgias del Sur)","Bird Island (SGSSI (IGSISS))",-54,-38.03,"GPS","HT65462","82167","adult","female","incubation","breeding",1421071500,NA,NA,-60.49094,-44.192139995007
2015-01-13 02:05:00,1386,"Procellaria aequinoctialis","White-chinned Petrel","South Georgia (Islas Georgias del Sur)","Bird Island (SGSSI (IGSISS))",-54,-38.03,"GPS","HT65462","82167","adult","female","incubation","breeding",1421114700,NA,NA,-60.474891830241,-44.2175003506359
2015-01-13 14:05:00,1386,"Procellaria aequinoctialis","White-chinned Petrel","South Georgia (Islas Georgias del Sur)","Bird Island (SGSSI (IGSISS))",-54,-38.03,"GPS","HT65462","82167","adult","female","incubation","breeding",1421157900,NA,NA,-61.995800536021,-45.9690490957106
2015-01-14 02:05:00,1386,"Procellaria aequinoctialis","White-chinned Petrel","South Georgia (Islas Georgias del Sur)","Bird Island (SGSSI (IGSISS))",-54,-38.03,"GPS","HT65462","82167","adult","female","incubation","breeding",1421201100,NA,NA,-61.8299565664882,-46.6612697641027
2015-01-14 14:05:00,1386,"Procellaria aequinoctialis","White-chinned Petrel","South Georgia (Islas Georgias del Sur)","Bird Island (SGSSI (IGSISS))",-54,-38.03,"GPS","HT65462","82167","adult","female","incubation","breeding",1421244300,NA,NA,-62.4405727075924,-46.2279963057378
2015-01-15 02:05:00,1386,"Procellaria aequinoctialis","White-chinned Petrel","South Georgia (Islas Georgias del Sur)","Bird Island (SGSSI (IGSISS))",-54,-38.03,"GPS","HT65462","82167","adult","female","incubation","breeding",1421287500,NA,NA,-62.5325309888127,-46.2099456626029
2015-01-15 14:05:00,1386,"Procellaria aequinoctialis","White-chinned Petrel","South Georgia (Islas Georgias del Sur)","Bird Island (SGSSI (IGSISS))",-54,-38.03,"GPS","HT65462","82167","adult","female","incubation","breeding",1421330700,NA,NA,-63.726450519056,-49.2896117810876
2015-01-16 02:05:00,1386,"Procellaria aequinoctialis","White-chinned Petrel","South Georgia (Islas Georgias del Sur)","Bird Island (SGSSI (IGSISS))",-54,-38.03,"GPS","HT65462","82167","adult","female","incubation","breeding",1421373900,NA,NA,-64.4557430813523,-50.4081555158006
2015-01-16 14:05:00,1386,"Procellaria aequinoctialis","White-chinned Petrel","South Georgia (Islas Georgias del Sur)","Bird Island (SGSSI (IGSISS))",-54,-38.03,"GPS","HT65462","82167","adult","female","incubation","breeding",1421417100,NA,NA,-64.6499415225915,-50.3722119545014
2015-01-17 02:05:00,1386,"Procellaria aequinoctialis","White-chinned Petrel","South Georgia (Islas Georgias del Sur)","Bird Island (SGSSI (IGSISS))",-54,-38.03,"GPS","HT65462","82167","adult","female","incubation","breeding",1421460300,NA,NA,-65.1349671112541,-51.1551728935252
2015-01-17 14:05:00,1386,"Procellaria aequinoctialis","White-chinned Petrel","South Georgia (Islas Georgias del Sur)","Bird Island (SGSSI (IGSISS))",-54,-38.03,"GPS","HT65462","82167","adult","female","incubation","breeding",1421503500,NA,NA,-64.3602039342338,-51.8128374932085
2015-01-18 02:05:00,1386,"Procellaria aequinoctialis","White-chinned Petrel","South Georgia (Islas Georgias del Sur)","Bird Island (SGSSI (IGSISS))",-54,-38.03,"GPS","HT65462","82167","adult","female","incubation","breeding",1421546700,NA,NA,-64.6751612033379,-52.6713490561747
2015-01-18 14:05:00,1386,"Procellaria aequinoctialis","White-chinned Petrel","South Georgia (Islas Georgias del Sur)","Bird Island (SGSSI (IGSISS))",-54,-38.03,"GPS","HT65462","82167","adult","female","incubation","breeding",1421589900,NA,NA,-64.577315978965,-52.7700100448142
2015-01-19 02:05:00,1386,"Procellaria aequinoctialis","White-chinned Petrel","South Georgia (Islas Georgias del Sur)","Bird Island (SGSSI (IGSISS))",-54,-38.03,"GPS","HT65462","82167","adult","female","incubation","breeding",1421633100,NA,NA,-64.6115628855712,-53.5186234367317
2015-01-19 14:05:00,1386,"Procellaria aequinoctialis","White-chinned Petrel","South Georgia (Islas Georgias del Sur)","Bird Island (SGSSI (IGSISS))",-54,-38.03,"GPS","HT65462","82167","adult","female","incubation","breeding",1421676300,NA,NA,-64.959893981008,-53.6907146462736
2015-01-20 02:05:00,1386,"Procellaria aequinoctialis","White-chinned Petrel","South Georgia (Islas Georgias del Sur)","Bird Island (SGSSI (IGSISS))",-54,-38.03,"GPS","HT65462","82167","adult","female","incubation","breeding",1421719500,NA,NA,-64.8765842421657,-54.6311955561916
2015-01-20 14:05:00,1386,"Procellaria aequinoctialis","White-chinned Petrel","South Georgia (Islas Georgias del Sur)","Bird Island (SGSSI (IGSISS))",-54,-38.03,"GPS","HT65462","82167","adult","female","incubation","breeding",1421762700,NA,NA,-64.9628453041502,-54.9451894294475
2015-01-21 02:05:00,1386,"Procellaria aequinoctialis","White-chinned Petrel","South Georgia (Islas Georgias del Sur)","Bird Island (SGSSI (IGSISS))",-54,-38.03,"GPS","HT65462","82167","adult","female","incubation","breeding",1421805900,NA,NA,-53.4579041752869,-55.2003759367165
2015-01-21 14:05:00,1386,"Procellaria aequinoctialis","White-chinned Petrel","South Georgia (Islas Georgias del Sur)","Bird Island (SGSSI (IGSISS))",-54,-38.03,"GPS","HT65462","82167","adult","female","incubation","breeding",1421849100,NA,NA,-40.3590264982404,-54.1936343506676
2014-12-25 17:04:00,1386,"Procellaria aequinoctialis","White-chinned Petrel","South Georgia (Islas Georgias del Sur)","Bird Island (SGSSI (IGSISS))",-54,-38.03,"GPS","HT65630","82168","adult","female","incubation","breeding",1419527040,NA,NA,-38.8076805700349,-53.8748370406853
2014-12-26 05:04:00,1386,"Procellaria aequinoctialis","White-chinned Petrel","South Georgia (Islas Georgias del Sur)","Bird Island (SGSSI (IGSISS))",-54,-38.03,"GPS","HT65630","82168","adult","female","incubation","breeding",1419570240,NA,NA,-38.9839805960632,-53.7663653626324
2014-12-26 17:04:00,1386,"Procellaria aequinoctialis","White-chinned Petrel","South Georgia (Islas Georgias del Sur)","Bird Island (SGSSI (IGSISS))",-54,-38.03,"GPS","HT65630","82168","adult","female","incubation","breeding",1419613440,NA,NA,-42.1736013899557,-54.004748530823
2014-12-27 05:04:00,1386,"Procellaria aequinoctialis","White-chinned Petrel","South Georgia (Islas Georgias del Sur)","Bird Island (SGSSI (IGSISS))",-54,-38.03,"GPS","HT65630","82168","adult","female","incubation","breeding",1419656640,NA,NA,-43.6443107589527,-53.2726915907026
2014-12-27 17:04:00,1386,"Procellaria aequinoctialis","White-chinned Petrel","South Georgia (Islas Georgias del Sur)","Bird Island (SGSSI (IGSISS))",-54,-38.03,"GPS","HT65630","82168","adult","female","incubation","breeding",1419699840,NA,NA,-41.7137933561489,-53.4786101172397
2014-12-28 05:04:00,1386,"Procellaria aequinoctialis","White-chinned Petrel","South Georgia (Islas Georgias del Sur)","Bird Island (SGSSI (IGSISS))",-54,-38.03,"GPS","HT65630","82168","adult","female","incubation","breeding",1419743040,NA,NA,-41.7014814744485,-53.5556820023837
2014-12-28 17:04:00,1386,"Procellaria aequinoctialis","White-chinned Petrel","South Georgia (Islas Georgias del Sur)","Bird Island (SGSSI (IGSISS))",-54,-38.03,"GPS","HT65630","82168","adult","female","incubation","breeding",1419786240,NA,NA,-41.8896370916032,-53.5728357596921
2014-12-29 05:04:00,1386,"Procellaria aequinoctialis","White-chinned Petrel","South Georgia (Islas Georgias del Sur)","Bird Island (SGSSI (IGSISS))",-54,-38.03,"GPS","HT65630","82168","adult","female","incubation","breeding",1419829440,NA,NA,-42.285952425616,-52.5443946559916
2014-12-29 17:04:00,1386,"Procellaria aequinoctialis","White-chinned Petrel","South Georgia (Islas Georgias del Sur)","Bird Island (SGSSI (IGSISS))",-54,-38.03,"GPS","HT65630","82168","adult","female","incubation","breeding",1419872640,NA,NA,-41.8428698893684,-51.4492674611081
2014-12-30 05:04:00,1386,"Procellaria aequinoctialis","White-chinned Petrel","South Georgia (Islas Georgias del Sur)","Bird Island (SGSSI (IGSISS))",-54,-38.03,"GPS","HT65630","82168","adult","female","incubation","breeding",1419915840,NA,NA,-40.8606624630498,-51.0589612911723
2014-12-30 17:04:00,1386,"Procellaria aequinoctialis","White-chinned Petrel","South Georgia (Islas Georgias del Sur)","Bird Island (SGSSI (IGSISS))",-54,-38.03,"GPS","HT65630","82168","adult","female","incubation","breeding",1419959040,NA,NA,-38.2639622740408,-53.0125980512067
2015-01-01 17:00:00,1386,"Procellaria aequinoctialis","White-chinned Petrel","South Georgia (Islas Georgias del Sur)","Bird Island (SGSSI (IGSISS))",-54,-38.03,"GPS","HT65630","82169","adult","female","incubation","breeding",1420131600,NA,NA,-44.9446814184406,-52.8707954035834
2015-01-02 05:00:00,1386,"Procellaria aequinoctialis","White-chinned Petrel","South Georgia (Islas Georgias del Sur)","Bird Island (SGSSI (IGSISS))",-54,-38.03,"GPS","HT65630","82169","adult","female","incubation","breeding",1420174800,NA,NA,-52.1665478918899,-50.4421037482046
2015-01-02 17:00:00,1386,"Procellaria aequinoctialis","White-chinned Petrel","South Georgia (Islas Georgias del Sur)","Bird Island (SGSSI (IGSISS))",-54,-38.03,"GPS","HT65630","82169","adult","female","incubation","breeding",1420218000,NA,NA,-58.3591790214345,-46.3277364581154
2015-01-03 05:00:00,1386,"Procellaria aequinoctialis","White-chinned Petrel","South Georgia (Islas Georgias del Sur)","Bird Island (SGSSI (IGSISS))",-54,-38.03,"GPS","HT65630","82169","adult","female","incubation","breeding",1420261200,NA,NA,-60.2764,-43.5218599947366
2015-01-03 17:00:00,1386,"Procellaria aequinoctialis","White-chinned Petrel","South Georgia (Islas Georgias del Sur)","Bird Island (SGSSI (IGSISS))",-54,-38.03,"GPS","HT65630","82169","adult","female","incubation","breeding",1420304400,NA,NA,-61.4340516184102,-42.6869353332174
2015-01-04 05:00:00,1386,"Procellaria aequinoctialis","White-chinned Petrel","South Georgia (Islas Georgias del Sur)","Bird Island (SGSSI (IGSISS))",-54,-38.03,"GPS","HT65630","82169","adult","female","incubation","breeding",1420347600,NA,NA,-60.0680715145567,-43.1663474632654
2015-01-04 17:00:00,1386,"Procellaria aequinoctialis","White-chinned Petrel","South Georgia (Islas Georgias del Sur)","Bird Island (SGSSI (IGSISS))",-54,-38.03,"GPS","HT65630","82169","adult","female","incubation","breeding",1420390800,NA,NA,-57.95411,-42.1533099941537
2015-01-05 05:00:00,1386,"Procellaria aequinoctialis","White-chinned Petrel","South Georgia (Islas Georgias del Sur)","Bird Island (SGSSI (IGSISS))",-54,-38.03,"GPS","HT65630","82169","adult","female","incubation","breeding",1420434000,NA,NA,-59.6805339814861,-42.4847940059657
2015-01-05 17:00:00,1386,"Procellaria aequinoctialis","White-chinned Petrel","South Georgia (Islas Georgias del Sur)","Bird Island (SGSSI (IGSISS))",-54,-38.03,"GPS","HT65630","82169","adult","female","incubation","breeding",1420477200,NA,NA,-60.4438602800215,-45.5967455411995
2015-01-06 05:00:00,1386,"Procellaria aequinoctialis","White-chinned Petrel","South Georgia (Islas Georgias del Sur)","Bird Island (SGSSI (IGSISS))",-54,-38.03,"GPS","HT65630","82169","adult","female","incubation","breeding",1420520400,NA,NA,-60.463212957448,-46.4028717618163
2015-01-06 17:00:00,1386,"Procellaria aequinoctialis","White-chinned Petrel","South Georgia (Islas Georgias del Sur)","Bird Island (SGSSI (IGSISS))",-54,-38.03,"GPS","HT65630","82169","adult","female","incubation","breeding",1420563600,NA,NA,-59.2667589540091,-46.7585839757005
2015-01-07 05:00:00,1386,"Procellaria aequinoctialis","White-chinned Petrel","South Georgia (Islas Georgias del Sur)","Bird Island (SGSSI (IGSISS))",-54,-38.03,"GPS","HT65630","82169","adult","female","incubation","breeding",1420606800,NA,NA,-59.7394263930447,-46.679447254959
2015-01-07 17:00:00,1386,"Procellaria aequinoctialis","White-chinned Petrel","South Georgia (Islas Georgias del Sur)","Bird Island (SGSSI (IGSISS))",-54,-38.03,"GPS","HT65630","82169","adult","female","incubation","breeding",1420650000,NA,NA,-59.4864384456619,-46.6494509943629
2015-01-08 05:00:00,1386,"Procellaria aequinoctialis","White-chinned Petrel","South Georgia (Islas Georgias del Sur)","Bird Island (SGSSI (IGSISS))",-54,-38.03,"GPS","HT65630","82169","adult","female","incubation","breeding",1420693200,NA,NA,-60.0342372545681,-45.8849075300441
2015-01-08 17:00:00,1386,"Procellaria aequinoctialis","White-chinned Petrel","South Georgia (Islas Georgias del Sur)","Bird Island (SGSSI (IGSISS))",-54,-38.03,"GPS","HT65630","82169","adult","female","incubation","breeding",1420736400,NA,NA,-60.185616313849,-46.1142714554099
2015-01-09 05:00:00,1386,"Procellaria aequinoctialis","White-chinned Petrel","South Georgia (Islas Georgias del Sur)","Bird Island (SGSSI (IGSISS))",-54,-38.03,"GPS","HT65630","82169","adult","female","incubation","breeding",1420779600,NA,NA,-60.492150000633,-47.2204026629858
2015-01-09 17:00:00,1386,"Procellaria aequinoctialis","White-chinned Petrel","South Georgia (Islas Georgias del Sur)","Bird Island (SGSSI (IGSISS))",-54,-38.03,"GPS","HT65630","82169","adult","female","incubation","breeding",1420822800,NA,NA,-59.7234952919651,-48.4106612654302
2015-01-10 05:00:00,1386,"Procellaria aequinoctialis","White-chinned Petrel","South Georgia (Islas Georgias del Sur)","Bird Island (SGSSI (IGSISS))",-54,-38.03,"GPS","HT65630","82169","adult","female","incubation","breeding",1420866000,NA,NA,-60.3433,-48.8337999965853
2015-01-10 17:00:00,1386,"Procellaria aequinoctialis","White-chinned Petrel","South Georgia (Islas Georgias del Sur)","Bird Island (SGSSI (IGSISS))",-54,-38.03,"GPS","HT65630","82169","adult","female","incubation","breeding",1420909200,NA,NA,-60.4128823619904,-49.9197481308285
2015-01-11 05:00:00,1386,"Procellaria aequinoctialis","White-chinned Petrel","South Georgia (Islas Georgias del Sur)","Bird Island (SGSSI (IGSISS))",-54,-38.03,"GPS","HT65630","82169","adult","female","incubation","breeding",1420952400,NA,NA,-59.3216235193712,-50.066219654206
2015-01-11 17:00:00,1386,"Procellaria aequinoctialis","White-chinned Petrel","South Georgia (Islas Georgias del Sur)","Bird Island (SGSSI (IGSISS))",-54,-38.03,"GPS","HT65630","82169","adult","female","incubation","breeding",1420995600,NA,NA,-57.9541863529432,-50.149553106513
2015-01-12 05:00:00,1386,"Procellaria aequinoctialis","White-chinned Petrel","South Georgia (Islas Georgias del Sur)","Bird Island (SGSSI (IGSISS))",-54,-38.03,"GPS","HT65630","82169","adult","female","incubation","breeding",1421038800,NA,NA,-51.6832262030367,-50.7642757261943
2015-01-12 17:00:00,1386,"Procellaria aequinoctialis","White-chinned Petrel","South Georgia (Islas Georgias del Sur)","Bird Island (SGSSI (IGSISS))",-54,-38.03,"GPS","HT65630","82169","adult","female","incubation","breeding",1421082000,NA,NA,-44.912814792419,-51.659926900656
2015-01-13 05:00:00,1386,"Procellaria aequinoctialis","White-chinned Petrel","South Georgia (Islas Georgias del Sur)","Bird Island (SGSSI (IGSISS))",-54,-38.03,"GPS","HT65630","82169","adult","female","incubation","breeding",1421125200,NA,NA,-40.9593175703732,-53.7153219844784
2015-01-13 17:00:00,1386,"Procellaria aequinoctialis","White-chinned Petrel","South Georgia (Islas Georgias del Sur)","Bird Island (SGSSI (IGSISS))",-54,-38.03,"GPS","HT65630","82169","adult","female","incubation","breeding",1421168400,NA,NA,-40.0619673015787,-53.6056940914544
2015-01-03 12:32:00,1386,"Procellaria aequinoctialis","White-chinned Petrel","South Georgia (Islas Georgias del Sur)","Bird Island (SGSSI (IGSISS))",-54,-38.03,"GPS","HT65632","82170","adult","female","incubation","breeding",1420288320,NA,NA,-44.0720223070749,-53.1488767630347
2015-01-04 00:32:00,1386,"Procellaria aequinoctialis","White-chinned Petrel","South Georgia (Islas Georgias del Sur)","Bird Island (SGSSI (IGSISS))",-54,-38.03,"GPS","HT65632","82170","adult","female","incubation","breeding",1420331520,NA,NA,-50.3071450191453,-49.6700854772631
2015-01-04 12:32:00,1386,"Procellaria aequinoctialis","White-chinned Petrel","South Georgia (Islas Georgias del Sur)","Bird Island (SGSSI (IGSISS))",-54,-38.03,"GPS","HT65632","82170","adult","female","incubation","breeding",1420374720,NA,NA,-53.3332469864882,-47.3596077669441
2015-01-05 00:32:00,1386,"Procellaria aequinoctialis","White-chinned Petrel","South Georgia (Islas Georgias del Sur)","Bird Island (SGSSI (IGSISS))",-54,-38.03,"GPS","HT65632","82170","adult","female","incubation","breeding",1420417920,NA,NA,-56.3039203322816,-47.0426878391136
2015-01-05 12:32:00,1386,"Procellaria aequinoctialis","White-chinned Petrel","South Georgia (Islas Georgias del Sur)","Bird Island (SGSSI (IGSISS))",-54,-38.03,"GPS","HT65632","82170","adult","female","incubation","breeding",1420461120,NA,NA,-59.5399519638618,-48.462550526979
2015-01-06 00:32:00,1386,"Procellaria aequinoctialis","White-chinned Petrel","South Georgia (Islas Georgias del Sur)","Bird Island (SGSSI (IGSISS))",-54,-38.03,"GPS","HT65632","82170","adult","female","incubation","breeding",1420504320,NA,NA,-61.6395812913466,-46.7977416411315
2015-01-06 12:32:00,1386,"Procellaria aequinoctialis","White-chinned Petrel","South Georgia (Islas Georgias del Sur)","Bird Island (SGSSI (IGSISS))",-54,-38.03,"GPS","HT65632","82170","adult","female","incubation","breeding",1420547520,NA,NA,-63.3394667754541,-46.360546563088
2015-01-07 00:32:00,1386,"Procellaria aequinoctialis","White-chinned Petrel","South Georgia (Islas Georgias del Sur)","Bird Island (SGSSI (IGSISS))",-54,-38.03,"GPS","HT65632","82170","adult","female","incubation","breeding",1420590720,NA,NA,-62.867703074155,-46.1197696164377
2015-01-07 12:32:00,1386,"Procellaria aequinoctialis","White-chinned Petrel","South Georgia (Islas Georgias del Sur)","Bird Island (SGSSI (IGSISS))",-54,-38.03,"GPS","HT65632","82170","adult","female","incubation","breeding",1420633920,NA,NA,-62.7327292157168,-45.5702472997919
2015-01-08 00:32:00,1386,"Procellaria aequinoctialis","White-chinned Petrel","South Georgia (Islas Georgias del Sur)","Bird Island (SGSSI (IGSISS))",-54,-38.03,"GPS","HT65632","82170","adult","female","incubation","breeding",1420677120,NA,NA,-62.3056982981007,-44.8556033542591
2015-01-08 12:32:00,1386,"Procellaria aequinoctialis","White-chinned Petrel","South Georgia (Islas Georgias del Sur)","Bird Island (SGSSI (IGSISS))",-54,-38.03,"GPS","HT65632","82170","adult","female","incubation","breeding",1420720320,NA,NA,-61.78085,-45.0526499953389
2015-01-09 00:32:00,1386,"Procellaria aequinoctialis","White-chinned Petrel","South Georgia (Islas Georgias del Sur)","Bird Island (SGSSI (IGSISS))",-54,-38.03,"GPS","HT65632","82170","adult","female","incubation","breeding",1420763520,NA,NA,-61.9286088991144,-45.1219632852496
2015-01-09 12:32:00,1386,"Procellaria aequinoctialis","White-chinned Petrel","South Georgia (Islas Georgias del Sur)","Bird Island (SGSSI (IGSISS))",-54,-38.03,"GPS","HT65632","82170","adult","female","incubation","breeding",1420806720,NA,NA,-61.991221682954,-45.1055243428402
2015-01-10 00:32:00,1386,"Procellaria aequinoctialis","White-chinned Petrel","South Georgia (Islas Georgias del Sur)","Bird Island (SGSSI (IGSISS))",-54,-38.03,"GPS","HT65632","82170","adult","female","incubation","breeding",1420849920,NA,NA,-60.9548457797681,-45.1164045816447
2015-01-10 12:32:00,1386,"Procellaria aequinoctialis","White-chinned Petrel","South Georgia (Islas Georgias del Sur)","Bird Island (SGSSI (IGSISS))",-54,-38.03,"GPS","HT65632","82170","adult","female","incubation","breeding",1420893120,NA,NA,-62.3491798012014,-45.9473548850546
2015-01-11 00:32:00,1386,"Procellaria aequinoctialis","White-chinned Petrel","South Georgia (Islas Georgias del Sur)","Bird Island (SGSSI (IGSISS))",-54,-38.03,"GPS","HT65632","82170","adult","female","incubation","breeding",1420936320,NA,NA,-61.6015364848461,-44.9306075606482
2015-01-11 12:32:00,1386,"Procellaria aequinoctialis","White-chinned Petrel","South Georgia (Islas Georgias del Sur)","Bird Island (SGSSI (IGSISS))",-54,-38.03,"GPS","HT65632","82170","adult","female","incubation","breeding",1420979520,NA,NA,-61.7753880746976,-44.6014383272189
2015-01-12 00:32:00,1386,"Procellaria aequinoctialis","White-chinned Petrel","South Georgia (Islas Georgias del Sur)","Bird Island (SGSSI (IGSISS))",-54,-38.03,"GPS","HT65632","82170","adult","female","incubation","breeding",1421022720,NA,NA,-62.019405017727,-44.2097249918851
2015-01-12 12:32:00,1386,"Procellaria aequinoctialis","White-chinned Petrel","South Georgia (Islas Georgias del Sur)","Bird Island (SGSSI (IGSISS))",-54,-38.03,"GPS","HT65632","82170","adult","female","incubation","breeding",1421065920,NA,NA,-61.2421871368079,-44.1400822412576
2015-01-13 00:32:00,1386,"Procellaria aequinoctialis","White-chinned Petrel","South Georgia (Islas Georgias del Sur)","Bird Island (SGSSI (IGSISS))",-54,-38.03,"GPS","HT65632","82170","adult","female","incubation","breeding",1421109120,NA,NA,-59.4601027620834,-45.2811043608972
2015-01-13 12:32:00,1386,"Procellaria aequinoctialis","White-chinned Petrel","South Georgia (Islas Georgias del Sur)","Bird Island (SGSSI (IGSISS))",-54,-38.03,"GPS","HT65632","82170","adult","female","incubation","breeding",1421152320,NA,NA,-60.6229609445904,-46.7059154662458
2015-01-14 00:32:00,1386,"Procellaria aequinoctialis","White-chinned Petrel","South Georgia (Islas Georgias del Sur)","Bird Island (SGSSI (IGSISS))",-54,-38.03,"GPS","HT65632","82170","adult","female","incubation","breeding",1421195520,NA,NA,-60.0043449746526,-47.495310041962
2015-01-14 12:32:00,1386,"Procellaria aequinoctialis","White-chinned Petrel","South Georgia (Islas Georgias del Sur)","Bird Island (SGSSI (IGSISS))",-54,-38.03,"GPS","HT65632","82170","adult","female","incubation","breeding",1421238720,NA,NA,-57.4304325825116,-49.6086988401218
2015-01-15 00:32:00,1386,"Procellaria aequinoctialis","White-chinned Petrel","South Georgia (Islas Georgias del Sur)","Bird Island (SGSSI (IGSISS))",-54,-38.03,"GPS","HT65632","82170","adult","female","incubation","breeding",1421281920,NA,NA,-57.6108165610584,-50.4930580483411
2015-01-15 12:32:00,1386,"Procellaria aequinoctialis","White-chinned Petrel","South Georgia (Islas Georgias del Sur)","Bird Island (SGSSI (IGSISS))",-54,-38.03,"GPS","HT65632","82170","adult","female","incubation","breeding",1421325120,NA,NA,-55.9246961402851,-52.0359503970726
2015-01-16 00:32:00,1386,"Procellaria aequinoctialis","White-chinned Petrel","South Georgia (Islas Georgias del Sur)","Bird Island (SGSSI (IGSISS))",-54,-38.03,"GPS","HT65632","82170","adult","female","incubation","breeding",1421368320,NA,NA,-47.6468048299117,-51.8063618440486
2015-01-16 12:32:00,1386,"Procellaria aequinoctialis","White-chinned Petrel","South Georgia (Islas Georgias del Sur)","Bird Island (SGSSI (IGSISS))",-54,-38.03,"GPS","HT65632","82170","adult","female","incubation","breeding",1421411520,NA,NA,-43.3471700711583,-53.995821642126
2014-12-30 13:01:00,1386,"Procellaria aequinoctialis","White-chinned Petrel","South Georgia (Islas Georgias del Sur)","Bird Island (SGSSI (IGSISS))",-54,-38.03,"GPS","HT65633","82171","adult","female","incubation","breeding",1419944460,NA,NA,-37.2061377558269,-50.601684669963
2014-12-31 01:01:00,1386,"Procellaria aequinoctialis","White-chinned Petrel","South Georgia (Islas Georgias del Sur)","Bird Island (SGSSI (IGSISS))",-54,-38.03,"GPS","HT65633","82171","adult","female","incubation","breeding",1419987660,NA,NA,-39.8479957580872,-47.5565047024483
2014-12-31 13:01:00,1386,"Procellaria aequinoctialis","White-chinned Petrel","South Georgia (Islas Georgias del Sur)","Bird Island (SGSSI (IGSISS))",-54,-38.03,"GPS","HT65633","82171","adult","female","incubation","breeding",1420030860,NA,NA,-45.8799512745601,-46.5220673519497
2015-01-01 01:01:00,1386,"Procellaria aequinoctialis","White-chinned Petrel","South Georgia (Islas Georgias del Sur)","Bird Island (SGSSI (IGSISS))",-54,-38.03,"GPS","HT65633","82171","adult","female","incubation","breeding",1420074060,NA,NA,-51.2707225461135,-47.4413077853468
2015-01-01 13:01:00,1386,"Procellaria aequinoctialis","White-chinned Petrel","South Georgia (Islas Georgias del Sur)","Bird Island (SGSSI (IGSISS))",-54,-38.03,"GPS","HT65633","82171","adult","female","incubation","breeding",1420117260,NA,NA,-56.4186902797219,-47.0254582348689
2015-01-02 01:01:00,1386,"Procellaria aequinoctialis","White-chinned Petrel","South Georgia (Islas Georgias del Sur)","Bird Island (SGSSI (IGSISS))",-54,-38.03,"GPS","HT65633","82171","adult","female","incubation","breeding",1420160460,NA,NA,-61.5436593123618,-45.4421108643212
2015-01-02 13:01:00,1386,"Procellaria aequinoctialis","White-chinned Petrel","South Georgia (Islas Georgias del Sur)","Bird Island (SGSSI (IGSISS))",-54,-38.03,"GPS","HT65633","82171","adult","female","incubation","breeding",1420203660,NA,NA,-64.30033858894,-44.3707295604802
2015-01-03 01:01:00,1386,"Procellaria aequinoctialis","White-chinned Petrel","South Georgia (Islas Georgias del Sur)","Bird Island (SGSSI (IGSISS))",-54,-38.03,"GPS","HT65633","82171","adult","female","incubation","breeding",1420246860,NA,NA,-63.1768689513946,-44.2517322732544
2015-01-03 13:01:00,1386,"Procellaria aequinoctialis","White-chinned Petrel","South Georgia (Islas Georgias del Sur)","Bird Island (SGSSI (IGSISS))",-54,-38.03,"GPS","HT65633","82171","adult","female","incubation","breeding",1420290060,NA,NA,-62.9201554540145,-44.3823927220679
2015-01-04 01:01:00,1386,"Procellaria aequinoctialis","White-chinned Petrel","South Georgia (Islas Georgias del Sur)","Bird Island (SGSSI (IGSISS))",-54,-38.03,"GPS","HT65633","82171","adult","female","incubation","breeding",1420333260,NA,NA,-63.0083254801012,-44.1686316375114
2015-01-04 13:01:00,1386,"Procellaria aequinoctialis","White-chinned Petrel","South Georgia (Islas Georgias del Sur)","Bird Island (SGSSI (IGSISS))",-54,-38.03,"GPS","HT65633","82171","adult","female","incubation","breeding",1420376460,NA,NA,-63.3298846101036,-44.627847483843
2015-01-05 01:01:00,1386,"Procellaria aequinoctialis","White-chinned Petrel","South Georgia (Islas Georgias del Sur)","Bird Island (SGSSI (IGSISS))",-54,-38.03,"GPS","HT65633","82171","adult","female","incubation","breeding",1420419660,NA,NA,-63.6371604340712,-44.7194584994658
2015-01-05 13:01:00,1386,"Procellaria aequinoctialis","White-chinned Petrel","South Georgia (Islas Georgias del Sur)","Bird Island (SGSSI (IGSISS))",-54,-38.03,"GPS","HT65633","82171","adult","female","incubation","breeding",1420462860,NA,NA,-63.2193276075265,-45.074675180198
2015-01-06 01:01:00,1386,"Procellaria aequinoctialis","White-chinned Petrel","South Georgia (Islas Georgias del Sur)","Bird Island (SGSSI (IGSISS))",-54,-38.03,"GPS","HT65633","82171","adult","female","incubation","breeding",1420506060,NA,NA,-63.0722818906831,-45.3221049961759
2015-01-06 13:01:00,1386,"Procellaria aequinoctialis","White-chinned Petrel","South Georgia (Islas Georgias del Sur)","Bird Island (SGSSI (IGSISS))",-54,-38.03,"GPS","HT65633","82171","adult","female","incubation","breeding",1420549260,NA,NA,-63.0783732305848,-45.251113351535
2015-01-07 01:01:00,1386,"Procellaria aequinoctialis","White-chinned Petrel","South Georgia (Islas Georgias del Sur)","Bird Island (SGSSI (IGSISS))",-54,-38.03,"GPS","HT65633","82171","adult","female","incubation","breeding",1420592460,NA,NA,-62.1236273934637,-45.4671901990755
2015-01-07 13:01:00,1386,"Procellaria aequinoctialis","White-chinned Petrel","South Georgia (Islas Georgias del Sur)","Bird Island (SGSSI (IGSISS))",-54,-38.03,"GPS","HT65633","82171","adult","female","incubation","breeding",1420635660,NA,NA,-60.9283226811967,-47.054844368075
2015-01-08 01:01:00,1386,"Procellaria aequinoctialis","White-chinned Petrel","South Georgia (Islas Georgias del Sur)","Bird Island (SGSSI (IGSISS))",-54,-38.03,"GPS","HT65633","82171","adult","female","incubation","breeding",1420678860,NA,NA,-58.5731720838732,-50.1851776426313
2015-01-08 13:01:00,1386,"Procellaria aequinoctialis","White-chinned Petrel","South Georgia (Islas Georgias del Sur)","Bird Island (SGSSI (IGSISS))",-54,-38.03,"GPS","HT65633","82171","adult","female","incubation","breeding",1420722060,NA,NA,-55.328447407102,-51.3613233434279
2015-01-09 01:01:00,1386,"Procellaria aequinoctialis","White-chinned Petrel","South Georgia (Islas Georgias del Sur)","Bird Island (SGSSI (IGSISS))",-54,-38.03,"GPS","HT65633","82171","adult","female","incubation","breeding",1420765260,NA,NA,-49.588459628498,-51.9889539644318
2015-01-09 13:01:00,1386,"Procellaria aequinoctialis","White-chinned Petrel","South Georgia (Islas Georgias del Sur)","Bird Island (SGSSI (IGSISS))",-54,-38.03,"GPS","HT65633","82171","adult","female","incubation","breeding",1420808460,NA,NA,-43.601260240962,-52.8339547297048
2014-12-24 10:09:00,1386,"Procellaria aequinoctialis","White-chinned Petrel","South Georgia (Islas Georgias del Sur)","Bird Island (SGSSI (IGSISS))",-54,-38.03,"GPS","HT65635","82172","adult","male","incubation","breeding",1419415740,NA,NA,-41.5152841298731,-53.4253735098101
2014-12-24 22:09:00,1386,"Procellaria aequinoctialis","White-chinned Petrel","South Georgia (Islas Georgias del Sur)","Bird Island (SGSSI (IGSISS))",-54,-38.03,"GPS","HT65635","82172","adult","male","incubation","breeding",1419458940,NA,NA,-45.27449,-55.1204199979285
2014-12-25 10:09:00,1386,"Procellaria aequinoctialis","White-chinned Petrel","South Georgia (Islas Georgias del Sur)","Bird Island (SGSSI (IGSISS))",-54,-38.03,"GPS","HT65635","82172","adult","male","incubation","breeding",1419502140,NA,NA,-46.923288616691,-56.6585927141032
2014-12-25 22:09:00,1386,"Procellaria aequinoctialis","White-chinned Petrel","South Georgia (Islas Georgias del Sur)","Bird Island (SGSSI (IGSISS))",-54,-38.03,"GPS","HT65635","82172","adult","male","incubation","breeding",1419545340,NA,NA,-49.1610443349749,-58.3330044186615
2014-12-26 10:09:00,1386,"Procellaria aequinoctialis","White-chinned Petrel","South Georgia (Islas Georgias del Sur)","Bird Island (SGSSI (IGSISS))",-54,-38.03,"GPS","HT65635","82172","adult","male","incubation","breeding",1419588540,NA,NA,-52.8645242963087,-58.8983969175767
2014-12-26 22:09:00,1386,"Procellaria aequinoctialis","White-chinned Petrel","South Georgia (Islas Georgias del Sur)","Bird Island (SGSSI (IGSISS))",-54,-38.03,"GPS","HT65635","82172","adult","male","incubation","breeding",1419631740,NA,NA,-53.7609056634777,-57.3615324827713
2014-12-27 10:09:00,1386,"Procellaria aequinoctialis","White-chinned Petrel","South Georgia (Islas Georgias del Sur)","Bird Island (SGSSI (IGSISS))",-54,-38.03,"GPS","HT65635","82172","adult","male","incubation","breeding",1419674940,NA,NA,-54.6623821158209,-53.2435004825029
2014-12-27 22:09:00,1386,"Procellaria aequinoctialis","White-chinned Petrel","South Georgia (Islas Georgias del Sur)","Bird Island (SGSSI (IGSISS))",-54,-38.03,"GPS","HT65635","82172","adult","male","incubation","breeding",1419718140,NA,NA,-58.33649,-52.1695899974021
2014-12-28 10:09:00,1386,"Procellaria aequinoctialis","White-chinned Petrel","South Georgia (Islas Georgias del Sur)","Bird Island (SGSSI (IGSISS))",-54,-38.03,"GPS","HT65635","82172","adult","male","incubation","breeding",1419761340,NA,NA,-59.3804115542563,-49.6526104121173
2014-12-28 22:09:00,1386,"Procellaria aequinoctialis","White-chinned Petrel","South Georgia (Islas Georgias del Sur)","Bird Island (SGSSI (IGSISS))",-54,-38.03,"GPS","HT65635","82172","adult","male","incubation","breeding",1419804540,NA,NA,-60.742881278394,-47.4727568430626
2014-12-29 10:09:00,1386,"Procellaria aequinoctialis","White-chinned Petrel","South Georgia (Islas Georgias del Sur)","Bird Island (SGSSI (IGSISS))",-54,-38.03,"GPS","HT65635","82172","adult","male","incubation","breeding",1419847740,NA,NA,-61.1230824415661,-47.1845916307665
2014-12-29 22:09:00,1386,"Procellaria aequinoctialis","White-chinned Petrel","South Georgia (Islas Georgias del Sur)","Bird Island (SGSSI (IGSISS))",-54,-38.03,"GPS","HT65635","82172","adult","male","incubation","breeding",1419890940,NA,NA,-60.8939676806939,-47.0851483714295
2014-12-30 10:09:00,1386,"Procellaria aequinoctialis","White-chinned Petrel","South Georgia (Islas Georgias del Sur)","Bird Island (SGSSI (IGSISS))",-54,-38.03,"GPS","HT65635","82172","adult","male","incubation","breeding",1419934140,NA,NA,-60.7226495444711,-46.8527329231411
2014-12-30 22:09:00,1386,"Procellaria aequinoctialis","White-chinned Petrel","South Georgia (Islas Georgias del Sur)","Bird Island (SGSSI (IGSISS))",-54,-38.03,"GPS","HT65635","82172","adult","male","incubation","breeding",1419977340,NA,NA,-60.5211164336048,-46.5875727727121
2014-12-31 10:09:00,1386,"Procellaria aequinoctialis","White-chinned Petrel","South Georgia (Islas Georgias del Sur)","Bird Island (SGSSI (IGSISS))",-54,-38.03,"GPS","HT65635","82172","adult","male","incubation","breeding",1420020540,NA,NA,-60.7148134115535,-46.8695268880851
2014-12-31 22:09:00,1386,"Procellaria aequinoctialis","White-chinned Petrel","South Georgia (Islas Georgias del Sur)","Bird Island (SGSSI (IGSISS))",-54,-38.03,"GPS","HT65635","82172","adult","male","incubation","breeding",1420063740,NA,NA,-60.69519832312,-46.8278016575567
2015-01-01 10:09:00,1386,"Procellaria aequinoctialis","White-chinned Petrel","South Georgia (Islas Georgias del Sur)","Bird Island (SGSSI (IGSISS))",-54,-38.03,"GPS","HT65635","82172","adult","male","incubation","breeding",1420106940,NA,NA,-60.5766275763971,-46.6570251652509
2015-01-01 22:09:00,1386,"Procellaria aequinoctialis","White-chinned Petrel","South Georgia (Islas Georgias del Sur)","Bird Island (SGSSI (IGSISS))",-54,-38.03,"GPS","HT65635","82172","adult","male","incubation","breeding",1420150140,NA,NA,-60.2425675718135,-46.1629244650092
2015-01-02 10:09:00,1386,"Procellaria aequinoctialis","White-chinned Petrel","South Georgia (Islas Georgias del Sur)","Bird Island (SGSSI (IGSISS))",-54,-38.03,"GPS","HT65635","82172","adult","male","incubation","breeding",1420193340,NA,NA,-60.2845032808577,-46.2684972741209
2015-01-02 22:09:00,1386,"Procellaria aequinoctialis","White-chinned Petrel","South Georgia (Islas Georgias del Sur)","Bird Island (SGSSI (IGSISS))",-54,-38.03,"GPS","HT65635","82172","adult","male","incubation","breeding",1420236540,NA,NA,-60.4435304276611,-46.4882256574284
2015-01-03 10:09:00,1386,"Procellaria aequinoctialis","White-chinned Petrel","South Georgia (Islas Georgias del Sur)","Bird Island (SGSSI (IGSISS))",-54,-38.03,"GPS","HT65635","82172","adult","male","incubation","breeding",1420279740,NA,NA,-60.8097982850385,-46.095484824745
2015-01-03 22:09:00,1386,"Procellaria aequinoctialis","White-chinned Petrel","South Georgia (Islas Georgias del Sur)","Bird Island (SGSSI (IGSISS))",-54,-38.03,"GPS","HT65635","82172","adult","male","incubation","breeding",1420322940,NA,NA,-60.8017990198965,-46.1615599896812
2015-01-04 10:09:00,1386,"Procellaria aequinoctialis","White-chinned Petrel","South Georgia (Islas Georgias del Sur)","Bird Island (SGSSI (IGSISS))",-54,-38.03,"GPS","HT65635","82172","adult","male","incubation","breeding",1420366140,NA,NA,-60.0495430629702,-45.8832575691795
2015-01-04 22:09:00,1386,"Procellaria aequinoctialis","White-chinned Petrel","South Georgia (Islas Georgias del Sur)","Bird Island (SGSSI (IGSISS))",-54,-38.03,"GPS","HT65635","82172","adult","male","incubation","breeding",1420409340,NA,NA,-58.4858253582188,-47.4452668416112
2015-01-05 10:09:00,1386,"Procellaria aequinoctialis","White-chinned Petrel","South Georgia (Islas Georgias del Sur)","Bird Island (SGSSI (IGSISS))",-54,-38.03,"GPS","HT65635","82172","adult","male","incubation","breeding",1420452540,NA,NA,-53.2386451465512,-49.3554794221004
2015-01-05 22:09:00,1386,"Procellaria aequinoctialis","White-chinned Petrel","South Georgia (Islas Georgias del Sur)","Bird Island (SGSSI (IGSISS))",-54,-38.03,"GPS","HT65635","82172","adult","male","incubation","breeding",1420495740,NA,NA,-45.3683086281951,-52.428121403531
2015-01-06 10:09:00,1386,"Procellaria aequinoctialis","White-chinned Petrel","South Georgia (Islas Georgias del Sur)","Bird Island (SGSSI (IGSISS))",-54,-38.03,"GPS","HT65635","82172","adult","male","incubation","breeding",1420538940,NA,NA,-40.5621089663687,-53.6318104661486
2014-12-28 14:09:00,1386,"Procellaria aequinoctialis","White-chinned Petrel","South Georgia (Islas Georgias del Sur)","Bird Island (SGSSI (IGSISS))",-54,-38.03,"GPS","HT65636","82173","adult","male","incubation","breeding",1419775740,NA,NA,-38.7006276174859,-52.2690629043607
2014-12-29 02:09:00,1386,"Procellaria aequinoctialis","White-chinned Petrel","South Georgia (Islas Georgias del Sur)","Bird Island (SGSSI (IGSISS))",-54,-38.03,"GPS","HT65636","82173","adult","male","incubation","breeding",1419818940,NA,NA,-42.1761885888505,-50.2530397210904
2014-12-29 14:09:00,1386,"Procellaria aequinoctialis","White-chinned Petrel","South Georgia (Islas Georgias del Sur)","Bird Island (SGSSI (IGSISS))",-54,-38.03,"GPS","HT65636","82173","adult","male","incubation","breeding",1419862140,NA,NA,-44.938125397674,-48.3512866519165
2014-12-30 02:09:00,1386,"Procellaria aequinoctialis","White-chinned Petrel","South Georgia (Islas Georgias del Sur)","Bird Island (SGSSI (IGSISS))",-54,-38.03,"GPS","HT65636","82173","adult","male","incubation","breeding",1419905340,NA,NA,-47.4989178619116,-48.0247632095139
2014-12-30 14:09:00,1386,"Procellaria aequinoctialis","White-chinned Petrel","South Georgia (Islas Georgias del Sur)","Bird Island (SGSSI (IGSISS))",-54,-38.03,"GPS","HT65636","82173","adult","male","incubation","breeding",1419948540,NA,NA,-52.4549860112498,-49.0593375080437
2014-12-31 02:09:00,1386,"Procellaria aequinoctialis","White-chinned Petrel","South Georgia (Islas Georgias del Sur)","Bird Island (SGSSI (IGSISS))",-54,-38.03,"GPS","HT65636","82173","adult","male","incubation","breeding",1419991740,NA,NA,-56.362792878529,-50.5121734026929
2014-12-31 14:09:00,1386,"Procellaria aequinoctialis","White-chinned Petrel","South Georgia (Islas Georgias del Sur)","Bird Island (SGSSI (IGSISS))",-54,-38.03,"GPS","HT65636","82173","adult","male","incubation","breeding",1420034940,NA,NA,-57.8872482874036,-50.5899027554497
2015-01-01 02:09:00,1386,"Procellaria aequinoctialis","White-chinned Petrel","South Georgia (Islas Georgias del Sur)","Bird Island (SGSSI (IGSISS))",-54,-38.03,"GPS","HT65636","82173","adult","male","incubation","breeding",1420078140,NA,NA,-58.5340221070719,-50.2769974124644
2015-01-01 14:09:00,1386,"Procellaria aequinoctialis","White-chinned Petrel","South Georgia (Islas Georgias del Sur)","Bird Island (SGSSI (IGSISS))",-54,-38.03,"GPS","HT65636","82173","adult","male","incubation","breeding",1420121340,NA,NA,-59.583639731329,-49.3566811381381
2015-01-02 02:09:00,1386,"Procellaria aequinoctialis","White-chinned Petrel","South Georgia (Islas Georgias del Sur)","Bird Island (SGSSI (IGSISS))",-54,-38.03,"GPS","HT65636","82173","adult","male","incubation","breeding",1420164540,NA,NA,-61.7868154914814,-47.9000065107661
2015-01-02 14:09:00,1386,"Procellaria aequinoctialis","White-chinned Petrel","South Georgia (Islas Georgias del Sur)","Bird Island (SGSSI (IGSISS))",-54,-38.03,"GPS","HT65636","82173","adult","male","incubation","breeding",1420207740,NA,NA,-63.1818326685266,-47.2006369957688
2015-01-03 02:09:00,1386,"Procellaria aequinoctialis","White-chinned Petrel","South Georgia (Islas Georgias del Sur)","Bird Island (SGSSI (IGSISS))",-54,-38.03,"GPS","HT65636","82173","adult","male","incubation","breeding",1420250940,NA,NA,-63.1063879690545,-47.2452126035646
2015-01-03 14:09:00,1386,"Procellaria aequinoctialis","White-chinned Petrel","South Georgia (Islas Georgias del Sur)","Bird Island (SGSSI (IGSISS))",-54,-38.03,"GPS","HT65636","82173","adult","male","incubation","breeding",1420294140,NA,NA,-64.1184749790351,-47.1082000032459
2015-01-04 02:09:00,1386,"Procellaria aequinoctialis","White-chinned Petrel","South Georgia (Islas Georgias del Sur)","Bird Island (SGSSI (IGSISS))",-54,-38.03,"GPS","HT65636","82173","adult","male","incubation","breeding",1420337340,NA,NA,-64.3433100428451,-47.5014995781996
2015-01-04 14:09:00,1386,"Procellaria aequinoctialis","White-chinned Petrel","South Georgia (Islas Georgias del Sur)","Bird Island (SGSSI (IGSISS))",-54,-38.03,"GPS","HT65636","82173","adult","male","incubation","breeding",1420380540,NA,NA,-63.8723106769655,-48.1469182706806
2015-01-05 02:09:00,1386,"Procellaria aequinoctialis","White-chinned Petrel","South Georgia (Islas Georgias del Sur)","Bird Island (SGSSI (IGSISS))",-54,-38.03,"GPS","HT65636","82173","adult","male","incubation","breeding",1420423740,NA,NA,-63.8626848123806,-48.5014851687399
2015-01-05 14:09:00,1386,"Procellaria aequinoctialis","White-chinned Petrel","South Georgia (Islas Georgias del Sur)","Bird Island (SGSSI (IGSISS))",-54,-38.03,"GPS","HT65636","82173","adult","male","incubation","breeding",1420466940,NA,NA,-64.2580360007524,-48.5628726676445
2015-01-06 02:09:00,1386,"Procellaria aequinoctialis","White-chinned Petrel","South Georgia (Islas Georgias del Sur)","Bird Island (SGSSI (IGSISS))",-54,-38.03,"GPS","HT65636","82173","adult","male","incubation","breeding",1420510140,NA,NA,-64.4322160907612,-49.0637363891899
2015-01-06 14:09:00,1386,"Procellaria aequinoctialis","White-chinned Petrel","South Georgia (Islas Georgias del Sur)","Bird Island (SGSSI (IGSISS))",-54,-38.03,"GPS","HT65636","82173","adult","male","incubation","breeding",1420553340,NA,NA,-65.8799843932887,-52.8680234065385
2015-01-07 02:09:00,1386,"Procellaria aequinoctialis","White-chinned Petrel","South Georgia (Islas Georgias del Sur)","Bird Island (SGSSI (IGSISS))",-54,-38.03,"GPS","HT65636","82173","adult","male","incubation","breeding",1420596540,NA,NA,-65.5678786376957,-54.6292679917347
2015-01-07 14:09:00,1386,"Procellaria aequinoctialis","White-chinned Petrel","South Georgia (Islas Georgias del Sur)","Bird Island (SGSSI (IGSISS))",-54,-38.03,"GPS","HT65636","82173","adult","male","incubation","breeding",1420639740,NA,NA,-65.5733365027419,-54.5189586320313
2015-01-08 02:09:00,1386,"Procellaria aequinoctialis","White-chinned Petrel","South Georgia (Islas Georgias del Sur)","Bird Island (SGSSI (IGSISS))",-54,-38.03,"GPS","HT65636","82173","adult","male","incubation","breeding",1420682940,NA,NA,-65.4045006771223,-54.5933002726094
2015-01-08 14:09:00,1386,"Procellaria aequinoctialis","White-chinned Petrel","South Georgia (Islas Georgias del Sur)","Bird Island (SGSSI (IGSISS))",-54,-38.03,"GPS","HT65636","82173","adult","male","incubation","breeding",1420726140,NA,NA,-65.7545066842773,-54.572973344973
2015-01-09 02:09:00,1386,"Procellaria aequinoctialis","White-chinned Petrel","South Georgia (Islas Georgias del Sur)","Bird Island (SGSSI (IGSISS))",-54,-38.03,"GPS","HT65636","82173","adult","male","incubation","breeding",1420769340,NA,NA,-65.7141185188149,-54.5954104882738
2015-01-09 14:09:00,1386,"Procellaria aequinoctialis","White-chinned Petrel","South Georgia (Islas Georgias del Sur)","Bird Island (SGSSI (IGSISS))",-54,-38.03,"GPS","HT65636","82173","adult","male","incubation","breeding",1420812540,NA,NA,-65.7300915970084,-54.5817445639583
2015-01-10 02:09:00,1386,"Procellaria aequinoctialis","White-chinned Petrel","South Georgia (Islas Georgias del Sur)","Bird Island (SGSSI (IGSISS))",-54,-38.03,"GPS","HT65636","82173","adult","male","incubation","breeding",1420855740,NA,NA,-65.8305416734795,-54.6157007171594
2015-01-10 14:09:00,1386,"Procellaria aequinoctialis","White-chinned Petrel","South Georgia (Islas Georgias del Sur)","Bird Island (SGSSI (IGSISS))",-54,-38.03,"GPS","HT65636","82173","adult","male","incubation","breeding",1420898940,NA,NA,-65.8216682561437,-54.5917476077485
2015-01-11 02:09:00,1386,"Procellaria aequinoctialis","White-chinned Petrel","South Georgia (Islas Georgias del Sur)","Bird Island (SGSSI (IGSISS))",-54,-38.03,"GPS","HT65636","82173","adult","male","incubation","breeding",1420942140,NA,NA,-65.9412983629118,-54.5765116669633
2015-01-11 14:09:00,1386,"Procellaria aequinoctialis","White-chinned Petrel","South Georgia (Islas Georgias del Sur)","Bird Island (SGSSI (IGSISS))",-54,-38.03,"GPS","HT65636","82173","adult","male","incubation","breeding",1420985340,NA,NA,-65.03455,-54.6087799978489
2015-01-12 02:09:00,1386,"Procellaria aequinoctialis","White-chinned Petrel","South Georgia (Islas Georgias del Sur)","Bird Island (SGSSI (IGSISS))",-54,-38.03,"GPS","HT65636","82173","adult","male","incubation","breeding",1421028540,NA,NA,-64.8511978269947,-54.7522323468637
2015-01-12 14:09:00,1386,"Procellaria aequinoctialis","White-chinned Petrel","South Georgia (Islas Georgias del Sur)","Bird Island (SGSSI (IGSISS))",-54,-38.03,"GPS","HT65636","82173","adult","male","incubation","breeding",1421071740,NA,NA,-64.51719,-54.9472999979021
2015-01-13 02:09:00,1386,"Procellaria aequinoctialis","White-chinned Petrel","South Georgia (Islas Georgias del Sur)","Bird Island (SGSSI (IGSISS))",-54,-38.03,"GPS","HT65636","82173","adult","male","incubation","breeding",1421114940,NA,NA,-64.3584471573531,-54.9037723196974
2015-01-13 14:09:00,1386,"Procellaria aequinoctialis","White-chinned Petrel","South Georgia (Islas Georgias del Sur)","Bird Island (SGSSI (IGSISS))",-54,-38.03,"GPS","HT65636","82173","adult","male","incubation","breeding",1421158140,NA,NA,-63.2352996404898,-54.9908573894826
2015-01-14 02:09:00,1386,"Procellaria aequinoctialis","White-chinned Petrel","South Georgia (Islas Georgias del Sur)","Bird Island (SGSSI (IGSISS))",-54,-38.03,"GPS","HT65636","82173","adult","male","incubation","breeding",1421201340,NA,NA,-62.059098896027,-54.0707204218399
2015-01-14 14:09:00,1386,"Procellaria aequinoctialis","White-chinned Petrel","South Georgia (Islas Georgias del Sur)","Bird Island (SGSSI (IGSISS))",-54,-38.03,"GPS","HT65636","82173","adult","male","incubation","breeding",1421244540,NA,NA,-59.5383019728805,-54.2007966324269
2015-01-15 02:09:00,1386,"Procellaria aequinoctialis","White-chinned Petrel","South Georgia (Islas Georgias del Sur)","Bird Island (SGSSI (IGSISS))",-54,-38.03,"GPS","HT65636","82173","adult","male","incubation","breeding",1421287740,NA,NA,-55.7158551314135,-56.9625683374452
2015-01-15 14:09:00,1386,"Procellaria aequinoctialis","White-chinned Petrel","South Georgia (Islas Georgias del Sur)","Bird Island (SGSSI (IGSISS))",-54,-38.03,"GPS","HT65636","82173","adult","male","incubation","breeding",1421330940,NA,NA,-51.6702958361955,-57.933483112811
2015-01-16 02:09:00,1386,"Procellaria aequinoctialis","White-chinned Petrel","South Georgia (Islas Georgias del Sur)","Bird Island (SGSSI (IGSISS))",-54,-38.03,"GPS","HT65636","82173","adult","male","incubation","breeding",1421374140,NA,NA,-53.9926178359344,-58.2648821631058
2015-01-16 14:09:00,1386,"Procellaria aequinoctialis","White-chinned Petrel","South Georgia (Islas Georgias del Sur)","Bird Island (SGSSI (IGSISS))",-54,-38.03,"GPS","HT65636","82173","adult","male","incubation","breeding",1421417340,NA,NA,-60.8075251880369,-54.7504083487503
2015-01-17 02:09:00,1386,"Procellaria aequinoctialis","White-chinned Petrel","South Georgia (Islas Georgias del Sur)","Bird Island (SGSSI (IGSISS))",-54,-38.03,"GPS","HT65636","82173","adult","male","incubation","breeding",1421460540,NA,NA,-60.6361327418959,-54.7028443145356
2015-01-17 14:09:00,1386,"Procellaria aequinoctialis","White-chinned Petrel","South Georgia (Islas Georgias del Sur)","Bird Island (SGSSI (IGSISS))",-54,-38.03,"GPS","HT65636","82173","adult","male","incubation","breeding",1421503740,NA,NA,-60.0032824836035,-54.7921635829831
2015-01-18 02:09:00,1386,"Procellaria aequinoctialis","White-chinned Petrel","South Georgia (Islas Georgias del Sur)","Bird Island (SGSSI (IGSISS))",-54,-38.03,"GPS","HT65636","82173","adult","male","incubation","breeding",1421546940,NA,NA,-59.9290689222836,-54.7397787557984
2015-01-18 14:09:00,1386,"Procellaria aequinoctialis","White-chinned Petrel","South Georgia (Islas Georgias del Sur)","Bird Island (SGSSI (IGSISS))",-54,-38.03,"GPS","HT65636","82173","adult","male","incubation","breeding",1421590140,NA,NA,-55.5821137202971,-54.5571497876621
2015-01-19 02:09:00,1386,"Procellaria aequinoctialis","White-chinned Petrel","South Georgia (Islas Georgias del Sur)","Bird Island (SGSSI (IGSISS))",-54,-38.03,"GPS","HT65636","82173","adult","male","incubation","breeding",1421633340,NA,NA,-48.4375418026018,-53.0365714479058
2015-01-19 14:09:00,1386,"Procellaria aequinoctialis","White-chinned Petrel","South Georgia (Islas Georgias del Sur)","Bird Island (SGSSI (IGSISS))",-54,-38.03,"GPS","HT65636","82173","adult","male","incubation","breeding",1421676540,NA,NA,-41.5144670294496,-53.224841209916
2014-12-25 16:49:00,1386,"Procellaria aequinoctialis","White-chinned Petrel","South Georgia (Islas Georgias del Sur)","Bird Island (SGSSI (IGSISS))",-54,-38.03,"GPS","HT65637","82175","adult","female","incubation","breeding",1419526140,NA,NA,-38.7357382664242,-52.4722552613073
2014-12-26 04:49:00,1386,"Procellaria aequinoctialis","White-chinned Petrel","South Georgia (Islas Georgias del Sur)","Bird Island (SGSSI (IGSISS))",-54,-38.03,"GPS","HT65637","82175","adult","female","incubation","breeding",1419569340,NA,NA,-41.1538740477717,-53.1784026805921
2014-12-26 16:49:00,1386,"Procellaria aequinoctialis","White-chinned Petrel","South Georgia (Islas Georgias del Sur)","Bird Island (SGSSI (IGSISS))",-54,-38.03,"GPS","HT65637","82175","adult","female","incubation","breeding",1419612540,NA,NA,-46.6278818779991,-55.7754733097364
2014-12-27 04:49:00,1386,"Procellaria aequinoctialis","White-chinned Petrel","South Georgia (Islas Georgias del Sur)","Bird Island (SGSSI (IGSISS))",-54,-38.03,"GPS","HT65637","82175","adult","female","incubation","breeding",1419655740,NA,NA,-49.001092038784,-54.5031526363057
2014-12-27 16:49:00,1386,"Procellaria aequinoctialis","White-chinned Petrel","South Georgia (Islas Georgias del Sur)","Bird Island (SGSSI (IGSISS))",-54,-38.03,"GPS","HT65637","82175","adult","female","incubation","breeding",1419698940,NA,NA,-51.0201273132624,-52.5607121689481
2014-12-28 04:49:00,1386,"Procellaria aequinoctialis","White-chinned Petrel","South Georgia (Islas Georgias del Sur)","Bird Island (SGSSI (IGSISS))",-54,-38.03,"GPS","HT65637","82175","adult","female","incubation","breeding",1419742140,NA,NA,-54.7897461037111,-52.5962861534165
2014-12-28 16:49:00,1386,"Procellaria aequinoctialis","White-chinned Petrel","South Georgia (Islas Georgias del Sur)","Bird Island (SGSSI (IGSISS))",-54,-38.03,"GPS","HT65637","82175","adult","female","incubation","breeding",1419785340,NA,NA,-58.2609218826823,-50.6773215540953
2014-12-29 04:49:00,1386,"Procellaria aequinoctialis","White-chinned Petrel","South Georgia (Islas Georgias del Sur)","Bird Island (SGSSI (IGSISS))",-54,-38.03,"GPS","HT65637","82175","adult","female","incubation","breeding",1419828540,NA,NA,-63.5488507489539,-49.8473665160002
2014-12-29 16:49:00,1386,"Procellaria aequinoctialis","White-chinned Petrel","South Georgia (Islas Georgias del Sur)","Bird Island (SGSSI (IGSISS))",-54,-38.03,"GPS","HT65637","82175","adult","female","incubation","breeding",1419871740,NA,NA,-67.0432724250452,-50.3387176304414
2014-12-30 04:49:00,1386,"Procellaria aequinoctialis","White-chinned Petrel","South Georgia (Islas Georgias del Sur)","Bird Island (SGSSI (IGSISS))",-54,-38.03,"GPS","HT65637","82175","adult","female","incubation","breeding",1419914940,NA,NA,-67.420768653129,-50.6535427903759
2014-12-30 16:49:00,1386,"Procellaria aequinoctialis","White-chinned Petrel","South Georgia (Islas Georgias del Sur)","Bird Island (SGSSI (IGSISS))",-54,-38.03,"GPS","HT65637","82175","adult","female","incubation","breeding",1419958140,NA,NA,-65.7034800006075,-49.2984817203481
2014-12-31 04:49:00,1386,"Procellaria aequinoctialis","White-chinned Petrel","South Georgia (Islas Georgias del Sur)","Bird Island (SGSSI (IGSISS))",-54,-38.03,"GPS","HT65637","82175","adult","female","incubation","breeding",1420001340,NA,NA,-65.1084816897699,-49.1456531017597
2014-12-31 16:49:00,1386,"Procellaria aequinoctialis","White-chinned Petrel","South Georgia (Islas Georgias del Sur)","Bird Island (SGSSI (IGSISS))",-54,-38.03,"GPS","HT65637","82175","adult","female","incubation","breeding",1420044540,NA,NA,-63.4684573838483,-48.0064688622445
2015-01-01 04:49:00,1386,"Procellaria aequinoctialis","White-chinned Petrel","South Georgia (Islas Georgias del Sur)","Bird Island (SGSSI (IGSISS))",-54,-38.03,"GPS","HT65637","82175","adult","female","incubation","breeding",1420087740,NA,NA,-62.6723691852297,-47.3550121818506
2015-01-01 16:49:00,1386,"Procellaria aequinoctialis","White-chinned Petrel","South Georgia (Islas Georgias del Sur)","Bird Island (SGSSI (IGSISS))",-54,-38.03,"GPS","HT65637","82175","adult","female","incubation","breeding",1420130940,NA,NA,-64.2688796744754,-46.8233051896441
2015-01-02 04:49:00,1386,"Procellaria aequinoctialis","White-chinned Petrel","South Georgia (Islas Georgias del Sur)","Bird Island (SGSSI (IGSISS))",-54,-38.03,"GPS","HT65637","82175","adult","female","incubation","breeding",1420174140,NA,NA,-63.7440420809506,-46.8520803469567
2015-01-02 16:49:00,1386,"Procellaria aequinoctialis","White-chinned Petrel","South Georgia (Islas Georgias del Sur)","Bird Island (SGSSI (IGSISS))",-54,-38.03,"GPS","HT65637","82175","adult","female","incubation","breeding",1420217340,NA,NA,-64.8466111723691,-46.4111222564826
2015-01-03 04:49:00,1386,"Procellaria aequinoctialis","White-chinned Petrel","South Georgia (Islas Georgias del Sur)","Bird Island (SGSSI (IGSISS))",-54,-38.03,"GPS","HT65637","82175","adult","female","incubation","breeding",1420260540,NA,NA,-62.62606,-46.1597799957399
2015-01-03 16:49:00,1386,"Procellaria aequinoctialis","White-chinned Petrel","South Georgia (Islas Georgias del Sur)","Bird Island (SGSSI (IGSISS))",-54,-38.03,"GPS","HT65637","82175","adult","female","incubation","breeding",1420303740,NA,NA,-63.3070739007923,-45.6188328511722
2015-01-04 04:49:00,1386,"Procellaria aequinoctialis","White-chinned Petrel","South Georgia (Islas Georgias del Sur)","Bird Island (SGSSI (IGSISS))",-54,-38.03,"GPS","HT65637","82175","adult","female","incubation","breeding",1420346940,NA,NA,-63.0128053741274,-45.5657867966362
2015-01-04 16:49:00,1386,"Procellaria aequinoctialis","White-chinned Petrel","South Georgia (Islas Georgias del Sur)","Bird Island (SGSSI (IGSISS))",-54,-38.03,"GPS","HT65637","82175","adult","female","incubation","breeding",1420390140,NA,NA,-62.919765312977,-45.665103328129
2015-01-05 04:49:00,1386,"Procellaria aequinoctialis","White-chinned Petrel","South Georgia (Islas Georgias del Sur)","Bird Island (SGSSI (IGSISS))",-54,-38.03,"GPS","HT65637","82175","adult","female","incubation","breeding",1420433340,NA,NA,-63.5343987519456,-46.082558383762
2015-01-05 16:49:00,1386,"Procellaria aequinoctialis","White-chinned Petrel","South Georgia (Islas Georgias del Sur)","Bird Island (SGSSI (IGSISS))",-54,-38.03,"GPS","HT65637","82175","adult","female","incubation","breeding",1420476540,NA,NA,-62.8365099984403,-46.0454180017065
2015-01-06 04:49:00,1386,"Procellaria aequinoctialis","White-chinned Petrel","South Georgia (Islas Georgias del Sur)","Bird Island (SGSSI (IGSISS))",-54,-38.03,"GPS","HT65637","82175","adult","female","incubation","breeding",1420519740,NA,NA,-61.3856502835916,-47.3985725956655
2015-01-06 16:49:00,1386,"Procellaria aequinoctialis","White-chinned Petrel","South Georgia (Islas Georgias del Sur)","Bird Island (SGSSI (IGSISS))",-54,-38.03,"GPS","HT65637","82175","adult","female","incubation","breeding",1420562940,NA,NA,-60.7819723782928,-48.0690461951967
2015-01-07 04:49:00,1386,"Procellaria aequinoctialis","White-chinned Petrel","South Georgia (Islas Georgias del Sur)","Bird Island (SGSSI (IGSISS))",-54,-38.03,"GPS","HT65637","82175","adult","female","incubation","breeding",1420606140,NA,NA,-61.3320724926549,-47.2256237479764
2015-01-07 16:49:00,1386,"Procellaria aequinoctialis","White-chinned Petrel","South Georgia (Islas Georgias del Sur)","Bird Island (SGSSI (IGSISS))",-54,-38.03,"GPS","HT65637","82175","adult","female","incubation","breeding",1420649340,NA,NA,-59.4841615104105,-49.4656574881844
2015-01-08 04:49:00,1386,"Procellaria aequinoctialis","White-chinned Petrel","South Georgia (Islas Georgias del Sur)","Bird Island (SGSSI (IGSISS))",-54,-38.03,"GPS","HT65637","82175","adult","female","incubation","breeding",1420692540,NA,NA,-60.3113769020205,-46.3974958766958
2015-01-08 16:49:00,1386,"Procellaria aequinoctialis","White-chinned Petrel","South Georgia (Islas Georgias del Sur)","Bird Island (SGSSI (IGSISS))",-54,-38.03,"GPS","HT65637","82175","adult","female","incubation","breeding",1420735740,NA,NA,-54.8853733910478,-48.5686035318499
2015-01-09 04:49:00,1386,"Procellaria aequinoctialis","White-chinned Petrel","South Georgia (Islas Georgias del Sur)","Bird Island (SGSSI (IGSISS))",-54,-38.03,"GPS","HT65637","82175","adult","female","incubation","breeding",1420778940,NA,NA,-48.9586833125579,-51.6194553275725
2015-01-09 16:49:00,1386,"Procellaria aequinoctialis","White-chinned Petrel","South Georgia (Islas Georgias del Sur)","Bird Island (SGSSI (IGSISS))",-54,-38.03,"GPS","HT65637","82175","adult","female","incubation","breeding",1420822140,NA,NA,-41.4032590603223,-52.5804209442161
2015-01-05 12:31:00,1386,"Procellaria aequinoctialis","White-chinned Petrel","South Georgia (Islas Georgias del Sur)","Bird Island (SGSSI (IGSISS))",-54,-38.03,"GPS","HT65638","82176","adult","male","incubation","breeding",1420461060,NA,NA,-39.3890745778983,-50.80855942934
2015-01-06 00:31:00,1386,"Procellaria aequinoctialis","White-chinned Petrel","South Georgia (Islas Georgias del Sur)","Bird Island (SGSSI (IGSISS))",-54,-38.03,"GPS","HT65638","82176","adult","male","incubation","breeding",1420504260,NA,NA,-44.6357240320659,-52.2574623238488
2015-01-06 12:31:00,1386,"Procellaria aequinoctialis","White-chinned Petrel","South Georgia (Islas Georgias del Sur)","Bird Island (SGSSI (IGSISS))",-54,-38.03,"GPS","HT65638","82176","adult","male","incubation","breeding",1420547460,NA,NA,-48.5908521367485,-53.4507444585891
2015-01-07 00:31:00,1386,"Procellaria aequinoctialis","White-chinned Petrel","South Georgia (Islas Georgias del Sur)","Bird Island (SGSSI (IGSISS))",-54,-38.03,"GPS","HT65638","82176","adult","male","incubation","breeding",1420590660,NA,NA,-54.4823986465275,-54.0869559887142
2015-01-07 12:31:00,1386,"Procellaria aequinoctialis","White-chinned Petrel","South Georgia (Islas Georgias del Sur)","Bird Island (SGSSI (IGSISS))",-54,-38.03,"GPS","HT65638","82176","adult","male","incubation","breeding",1420633860,NA,NA,-58.4470445262621,-53.2281531189508
2015-01-08 00:31:00,1386,"Procellaria aequinoctialis","White-chinned Petrel","South Georgia (Islas Georgias del Sur)","Bird Island (SGSSI (IGSISS))",-54,-38.03,"GPS","HT65638","82176","adult","male","incubation","breeding",1420677060,NA,NA,-61.266081088292,-51.9617593159453
2015-01-08 12:31:00,1386,"Procellaria aequinoctialis","White-chinned Petrel","South Georgia (Islas Georgias del Sur)","Bird Island (SGSSI (IGSISS))",-54,-38.03,"GPS","HT65638","82176","adult","male","incubation","breeding",1420720260,NA,NA,-61.6984600678502,-50.1978039967942
2015-01-09 00:31:00,1386,"Procellaria aequinoctialis","White-chinned Petrel","South Georgia (Islas Georgias del Sur)","Bird Island (SGSSI (IGSISS))",-54,-38.03,"GPS","HT65638","82176","adult","male","incubation","breeding",1420763460,NA,NA,-63.8021061473671,-49.7581516097164
2015-01-09 12:31:00,1386,"Procellaria aequinoctialis","White-chinned Petrel","South Georgia (Islas Georgias del Sur)","Bird Island (SGSSI (IGSISS))",-54,-38.03,"GPS","HT65638","82176","adult","male","incubation","breeding",1420806660,NA,NA,-65.4065517180059,-50.2535350227598
2015-01-10 00:31:00,1386,"Procellaria aequinoctialis","White-chinned Petrel","South Georgia (Islas Georgias del Sur)","Bird Island (SGSSI (IGSISS))",-54,-38.03,"GPS","HT65638","82176","adult","male","incubation","breeding",1420849860,NA,NA,-66.5192548556518,-51.1146148628327
2015-01-10 12:31:00,1386,"Procellaria aequinoctialis","White-chinned Petrel","South Georgia (Islas Georgias del Sur)","Bird Island (SGSSI (IGSISS))",-54,-38.03,"GPS","HT65638","82176","adult","male","incubation","breeding",1420893060,NA,NA,-66.8308501925865,-51.4673153780184
2015-01-11 00:31:00,1386,"Procellaria aequinoctialis","White-chinned Petrel","South Georgia (Islas Georgias del Sur)","Bird Island (SGSSI (IGSISS))",-54,-38.03,"GPS","HT65638","82176","adult","male","incubation","breeding",1420936260,NA,NA,-66.8617269386272,-51.2289095515607
2015-01-11 12:31:00,1386,"Procellaria aequinoctialis","White-chinned Petrel","South Georgia (Islas Georgias del Sur)","Bird Island (SGSSI (IGSISS))",-54,-38.03,"GPS","HT65638","82176","adult","male","incubation","breeding",1420979460,NA,NA,-66.6919928544497,-51.6894539265562
2015-01-12 00:31:00,1386,"Procellaria aequinoctialis","White-chinned Petrel","South Georgia (Islas Georgias del Sur)","Bird Island (SGSSI (IGSISS))",-54,-38.03,"GPS","HT65638","82176","adult","male","incubation","breeding",1421022660,NA,NA,-66.6603,-51.4688099972513
2015-01-12 12:31:00,1386,"Procellaria aequinoctialis","White-chinned Petrel","South Georgia (Islas Georgias del Sur)","Bird Island (SGSSI (IGSISS))",-54,-38.03,"GPS","HT65638","82176","adult","male","incubation","breeding",1421065860,NA,NA,-67.5361755399676,-50.8369695099046
2015-01-13 00:31:00,1386,"Procellaria aequinoctialis","White-chinned Petrel","South Georgia (Islas Georgias del Sur)","Bird Island (SGSSI (IGSISS))",-54,-38.03,"GPS","HT65638","82176","adult","male","incubation","breeding",1421109060,NA,NA,-67.2540588285827,-51.4919451834117
2015-01-13 12:31:00,1386,"Procellaria aequinoctialis","White-chinned Petrel","South Georgia (Islas Georgias del Sur)","Bird Island (SGSSI (IGSISS))",-54,-38.03,"GPS","HT65638","82176","adult","male","incubation","breeding",1421152260,NA,NA,-66.6819553795164,-51.9360282111157
2015-01-14 00:31:00,1386,"Procellaria aequinoctialis","White-chinned Petrel","South Georgia (Islas Georgias del Sur)","Bird Island (SGSSI (IGSISS))",-54,-38.03,"GPS","HT65638","82176","adult","male","incubation","breeding",1421195460,NA,NA,-66.3899745247753,-52.2084423071028
2015-01-14 12:31:00,1386,"Procellaria aequinoctialis","White-chinned Petrel","South Georgia (Islas Georgias del Sur)","Bird Island (SGSSI (IGSISS))",-54,-38.03,"GPS","HT65638","82176","adult","male","incubation","breeding",1421238660,NA,NA,-65.9649906650992,-52.5231909560753
2015-01-15 00:31:00,1386,"Procellaria aequinoctialis","White-chinned Petrel","South Georgia (Islas Georgias del Sur)","Bird Island (SGSSI (IGSISS))",-54,-38.03,"GPS","HT65638","82176","adult","male","incubation","breeding",1421281860,NA,NA,-63.6194426103074,-53.9864393346138
2015-01-15 12:31:00,1386,"Procellaria aequinoctialis","White-chinned Petrel","South Georgia (Islas Georgias del Sur)","Bird Island (SGSSI (IGSISS))",-54,-38.03,"GPS","HT65638","82176","adult","male","incubation","breeding",1421325060,NA,NA,-57.0235049588907,-55.7199397377875
2015-01-16 00:31:00,1386,"Procellaria aequinoctialis","White-chinned Petrel","South Georgia (Islas Georgias del Sur)","Bird Island (SGSSI (IGSISS))",-54,-38.03,"GPS","HT65638","82176","adult","male","incubation","breeding",1421368260,NA,NA,-48.7941421333192,-53.6958995426168
2015-01-16 12:31:00,1386,"Procellaria aequinoctialis","White-chinned Petrel","South Georgia (Islas Georgias del Sur)","Bird Island (SGSSI (IGSISS))",-54,-38.03,"GPS","HT65638","82176","adult","male","incubation","breeding",1421411460,NA,NA,-43.7229158565903,-53.91233377182
2015-01-04 15:52:00,1386,"Procellaria aequinoctialis","White-chinned Petrel","South Georgia (Islas Georgias del Sur)","Bird Island (SGSSI (IGSISS))",-54,-38.03,"GPS","HT65675","82177","adult","unknown","incubation","breeding",1420386720,NA,NA,-41.0277948134166,-50.6645957947999
2015-01-05 03:52:00,1386,"Procellaria aequinoctialis","White-chinned Petrel","South Georgia (Islas Georgias del Sur)","Bird Island (SGSSI (IGSISS))",-54,-38.03,"GPS","HT65675","82177","adult","unknown","incubation","breeding",1420429920,NA,NA,-43.6089766546896,-47.1736885639884
2015-01-05 15:52:00,1386,"Procellaria aequinoctialis","White-chinned Petrel","South Georgia (Islas Georgias del Sur)","Bird Island (SGSSI (IGSISS))",-54,-38.03,"GPS","HT65675","82177","adult","unknown","incubation","breeding",1420473120,NA,NA,-45.4548987172805,-45.7601797917819
2015-01-06 03:52:00,1386,"Procellaria aequinoctialis","White-chinned Petrel","South Georgia (Islas Georgias del Sur)","Bird Island (SGSSI (IGSISS))",-54,-38.03,"GPS","HT65675","82177","adult","unknown","incubation","breeding",1420516320,NA,NA,-48.7150650423808,-48.7092969534968
2015-01-06 15:52:00,1386,"Procellaria aequinoctialis","White-chinned Petrel","South Georgia (Islas Georgias del Sur)","Bird Island (SGSSI (IGSISS))",-54,-38.03,"GPS","HT65675","82177","adult","unknown","incubation","breeding",1420559520,NA,NA,-50.2953290558946,-48.3212467930104
2015-01-07 03:52:00,1386,"Procellaria aequinoctialis","White-chinned Petrel","South Georgia (Islas Georgias del Sur)","Bird Island (SGSSI (IGSISS))",-54,-38.03,"GPS","HT65675","82177","adult","unknown","incubation","breeding",1420602720,NA,NA,-52.0064815258409,-49.0928071823975
2015-01-07 15:52:00,1386,"Procellaria aequinoctialis","White-chinned Petrel","South Georgia (Islas Georgias del Sur)","Bird Island (SGSSI (IGSISS))",-54,-38.03,"GPS","HT65675","82177","adult","unknown","incubation","breeding",1420645920,NA,NA,-53.2871497863857,-50.5636666485676
2015-01-08 03:52:00,1386,"Procellaria aequinoctialis","White-chinned Petrel","South Georgia (Islas Georgias del Sur)","Bird Island (SGSSI (IGSISS))",-54,-38.03,"GPS","HT65675","82177","adult","unknown","incubation","breeding",1420689120,NA,NA,-53.652649124265,-47.0099247807717
2015-01-08 15:52:00,1386,"Procellaria aequinoctialis","White-chinned Petrel","South Georgia (Islas Georgias del Sur)","Bird Island (SGSSI (IGSISS))",-54,-38.03,"GPS","HT65675","82177","adult","unknown","incubation","breeding",1420732320,NA,NA,-53.9593123796786,-44.2585212994945
2015-01-09 03:52:00,1386,"Procellaria aequinoctialis","White-chinned Petrel","South Georgia (Islas Georgias del Sur)","Bird Island (SGSSI (IGSISS))",-54,-38.03,"GPS","HT65675","82177","adult","unknown","incubation","breeding",1420775520,NA,NA,-57.6111624399265,-45.7542253064284
2015-01-09 15:52:00,1386,"Procellaria aequinoctialis","White-chinned Petrel","South Georgia (Islas Georgias del Sur)","Bird Island (SGSSI (IGSISS))",-54,-38.03,"GPS","HT65675","82177","adult","unknown","incubation","breeding",1420818720,NA,NA,-60.1357374757963,-45.6899028455617
2015-01-10 03:52:00,1386,"Procellaria aequinoctialis","White-chinned Petrel","South Georgia (Islas Georgias del Sur)","Bird Island (SGSSI (IGSISS))",-54,-38.03,"GPS","HT65675","82177","adult","unknown","incubation","breeding",1420861920,NA,NA,-60.6442427359557,-45.0946537701561
2015-01-10 15:52:00,1386,"Procellaria aequinoctialis","White-chinned Petrel","South Georgia (Islas Georgias del Sur)","Bird Island (SGSSI (IGSISS))",-54,-38.03,"GPS","HT65675","82177","adult","unknown","incubation","breeding",1420905120,NA,NA,-62.6707838556819,-44.5480950231493
2015-01-11 03:52:00,1386,"Procellaria aequinoctialis","White-chinned Petrel","South Georgia (Islas Georgias del Sur)","Bird Island (SGSSI (IGSISS))",-54,-38.03,"GPS","HT65675","82177","adult","unknown","incubation","breeding",1420948320,NA,NA,-62.6341287552901,-43.8705331179885
2015-01-11 15:52:00,1386,"Procellaria aequinoctialis","White-chinned Petrel","South Georgia (Islas Georgias del Sur)","Bird Island (SGSSI (IGSISS))",-54,-38.03,"GPS","HT65675","82177","adult","unknown","incubation","breeding",1420991520,NA,NA,-61.4656720381026,-44.9966110298826
2015-01-12 03:52:00,1386,"Procellaria aequinoctialis","White-chinned Petrel","South Georgia (Islas Georgias del Sur)","Bird Island (SGSSI (IGSISS))",-54,-38.03,"GPS","HT65675","82177","adult","unknown","incubation","breeding",1421034720,NA,NA,-62.0021957018204,-45.7854700034782
2015-01-12 15:52:00,1386,"Procellaria aequinoctialis","White-chinned Petrel","South Georgia (Islas Georgias del Sur)","Bird Island (SGSSI (IGSISS))",-54,-38.03,"GPS","HT65675","82177","adult","unknown","incubation","breeding",1421077920,NA,NA,-63.314030582883,-44.2991800138364
2015-01-13 03:52:00,1386,"Procellaria aequinoctialis","White-chinned Petrel","South Georgia (Islas Georgias del Sur)","Bird Island (SGSSI (IGSISS))",-54,-38.03,"GPS","HT65675","82177","adult","unknown","incubation","breeding",1421121120,NA,NA,-61.9938351388619,-44.9500636274515
2015-01-13 15:52:00,1386,"Procellaria aequinoctialis","White-chinned Petrel","South Georgia (Islas Georgias del Sur)","Bird Island (SGSSI (IGSISS))",-54,-38.03,"GPS","HT65675","82177","adult","unknown","incubation","breeding",1421164320,NA,NA,-62.4197788913543,-45.5186998467293
2015-01-14 03:52:00,1386,"Procellaria aequinoctialis","White-chinned Petrel","South Georgia (Islas Georgias del Sur)","Bird Island (SGSSI (IGSISS))",-54,-38.03,"GPS","HT65675","82177","adult","unknown","incubation","breeding",1421207520,NA,NA,-62.0046555951862,-45.313583640686
2015-01-14 15:52:00,1386,"Procellaria aequinoctialis","White-chinned Petrel","South Georgia (Islas Georgias del Sur)","Bird Island (SGSSI (IGSISS))",-54,-38.03,"GPS","HT65675","82177","adult","unknown","incubation","breeding",1421250720,NA,NA,-62.6522032860031,-44.5756345582307
2015-01-15 03:52:00,1386,"Procellaria aequinoctialis","White-chinned Petrel","South Georgia (Islas Georgias del Sur)","Bird Island (SGSSI (IGSISS))",-54,-38.03,"GPS","HT65675","82177","adult","unknown","incubation","breeding",1421293920,NA,NA,-61.7156436716569,-44.5072020540951
2015-01-15 15:52:00,1386,"Procellaria aequinoctialis","White-chinned Petrel","South Georgia (Islas Georgias del Sur)","Bird Island (SGSSI (IGSISS))",-54,-38.03,"GPS","HT65675","82177","adult","unknown","incubation","breeding",1421337120,NA,NA,-63.6466350045067,-45.4145500104607
2015-01-16 03:52:00,1386,"Procellaria aequinoctialis","White-chinned Petrel","South Georgia (Islas Georgias del Sur)","Bird Island (SGSSI (IGSISS))",-54,-38.03,"GPS","HT65675","82177","adult","unknown","incubation","breeding",1421380320,NA,NA,-63.8471303005674,-45.7156022757449
2015-01-16 15:52:00,1386,"Procellaria aequinoctialis","White-chinned Petrel","South Georgia (Islas Georgias del Sur)","Bird Island (SGSSI (IGSISS))",-54,-38.03,"GPS","HT65675","82177","adult","unknown","incubation","breeding",1421423520,NA,NA,-64.1369517791176,-45.5606751104214
2015-01-17 03:52:00,1386,"Procellaria aequinoctialis","White-chinned Petrel","South Georgia (Islas Georgias del Sur)","Bird Island (SGSSI (IGSISS))",-54,-38.03,"GPS","HT65675","82177","adult","unknown","incubation","breeding",1421466720,NA,NA,-64.3949828680398,-45.4548585657517
2015-01-17 15:52:00,1386,"Procellaria aequinoctialis","White-chinned Petrel","South Georgia (Islas Georgias del Sur)","Bird Island (SGSSI (IGSISS))",-54,-38.03,"GPS","HT65675","82177","adult","unknown","incubation","breeding",1421509920,NA,NA,-64.2260852332779,-45.5339824625478
2015-01-18 03:52:00,1386,"Procellaria aequinoctialis","White-chinned Petrel","South Georgia (Islas Georgias del Sur)","Bird Island (SGSSI (IGSISS))",-54,-38.03,"GPS","HT65675","82177","adult","unknown","incubation","breeding",1421553120,NA,NA,-64.2524,-45.7889499956089
2015-01-18 15:52:00,1386,"Procellaria aequinoctialis","White-chinned Petrel","South Georgia (Islas Georgias del Sur)","Bird Island (SGSSI (IGSISS))",-54,-38.03,"GPS","HT65675","82177","adult","unknown","incubation","breeding",1421596320,NA,NA,-64.6780129053536,-46.7175667159934
2015-01-19 03:52:00,1386,"Procellaria aequinoctialis","White-chinned Petrel","South Georgia (Islas Georgias del Sur)","Bird Island (SGSSI (IGSISS))",-54,-38.03,"GPS","HT65675","82177","adult","unknown","incubation","breeding",1421639520,NA,NA,-63.7720579480833,-47.328091568312
2015-01-19 15:52:00,1386,"Procellaria aequinoctialis","White-chinned Petrel","South Georgia (Islas Georgias del Sur)","Bird Island (SGSSI (IGSISS))",-54,-38.03,"GPS","HT65675","82177","adult","unknown","incubation","breeding",1421682720,NA,NA,-59.3679015666473,-47.8417902836827
2015-01-20 03:52:00,1386,"Procellaria aequinoctialis","White-chinned Petrel","South Georgia (Islas Georgias del Sur)","Bird Island (SGSSI (IGSISS))",-54,-38.03,"GPS","HT65675","82177","adult","unknown","incubation","breeding",1421725920,NA,NA,-54.2375758204864,-49.9089974950217
2015-01-20 15:52:00,1386,"Procellaria aequinoctialis","White-chinned Petrel","South Georgia (Islas Georgias del Sur)","Bird Island (SGSSI (IGSISS))",-54,-38.03,"GPS","HT65675","82177","adult","unknown","incubation","breeding",1421769120,NA,NA,-44.8851044890194,-53.8999333846165
2015-01-10 11:31:00,1386,"Procellaria aequinoctialis","White-chinned Petrel","South Georgia (Islas Georgias del Sur)","Bird Island (SGSSI (IGSISS))",-54,-38.03,"GPS","HT65676","82178","adult","male","incubation","breeding",1420889460,NA,NA,-37.8983558950975,-50.4469830922547
2015-01-10 23:31:00,1386,"Procellaria aequinoctialis","White-chinned Petrel","South Georgia (Islas Georgias del Sur)","Bird Island (SGSSI (IGSISS))",-54,-38.03,"GPS","HT65676","82178","adult","male","incubation","breeding",1420932660,NA,NA,-38.5559259732827,-48.5184286670978
2015-01-11 11:31:00,1386,"Procellaria aequinoctialis","White-chinned Petrel","South Georgia (Islas Georgias del Sur)","Bird Island (SGSSI (IGSISS))",-54,-38.03,"GPS","HT65676","82178","adult","male","incubation","breeding",1420975860,NA,NA,-42.4884191880387,-50.6729783489447
2015-01-11 23:31:00,1386,"Procellaria aequinoctialis","White-chinned Petrel","South Georgia (Islas Georgias del Sur)","Bird Island (SGSSI (IGSISS))",-54,-38.03,"GPS","HT65676","82178","adult","male","incubation","breeding",1421019060,NA,NA,-46.6992589274416,-50.7234847237132
2015-01-12 11:31:00,1386,"Procellaria aequinoctialis","White-chinned Petrel","South Georgia (Islas Georgias del Sur)","Bird Island (SGSSI (IGSISS))",-54,-38.03,"GPS","HT65676","82178","adult","male","incubation","breeding",1421062260,NA,NA,-49.11280044073,-48.4717047127768
2015-01-12 23:31:00,1386,"Procellaria aequinoctialis","White-chinned Petrel","South Georgia (Islas Georgias del Sur)","Bird Island (SGSSI (IGSISS))",-54,-38.03,"GPS","HT65676","82178","adult","male","incubation","breeding",1421105460,NA,NA,-53.5872097404638,-46.7590003499064
2015-01-13 11:31:00,1386,"Procellaria aequinoctialis","White-chinned Petrel","South Georgia (Islas Georgias del Sur)","Bird Island (SGSSI (IGSISS))",-54,-38.03,"GPS","HT65676","82178","adult","male","incubation","breeding",1421148660,NA,NA,-55.9422902015004,-43.3793037818595
2015-01-13 23:31:00,1386,"Procellaria aequinoctialis","White-chinned Petrel","South Georgia (Islas Georgias del Sur)","Bird Island (SGSSI (IGSISS))",-54,-38.03,"GPS","HT65676","82178","adult","male","incubation","breeding",1421191860,NA,NA,-58.9658722398419,-43.3189078778943
2015-01-14 11:31:00,1386,"Procellaria aequinoctialis","White-chinned Petrel","South Georgia (Islas Georgias del Sur)","Bird Island (SGSSI (IGSISS))",-54,-38.03,"GPS","HT65676","82178","adult","male","incubation","breeding",1421235060,NA,NA,-62.0509313874392,-43.4012882656789
2015-01-14 23:31:00,1386,"Procellaria aequinoctialis","White-chinned Petrel","South Georgia (Islas Georgias del Sur)","Bird Island (SGSSI (IGSISS))",-54,-38.03,"GPS","HT65676","82178","adult","male","incubation","breeding",1421278260,NA,NA,-63.3981642960586,-43.8344771902513
2015-01-15 11:31:00,1386,"Procellaria aequinoctialis","White-chinned Petrel","South Georgia (Islas Georgias del Sur)","Bird Island (SGSSI (IGSISS))",-54,-38.03,"GPS","HT65676","82178","adult","male","incubation","breeding",1421321460,NA,NA,-65.1172688119074,-45.2846638004703
2015-01-15 23:31:00,1386,"Procellaria aequinoctialis","White-chinned Petrel","South Georgia (Islas Georgias del Sur)","Bird Island (SGSSI (IGSISS))",-54,-38.03,"GPS","HT65676","82178","adult","male","incubation","breeding",1421364660,NA,NA,-64.5155497018429,-46.5989542692515
2015-01-16 11:31:00,1386,"Procellaria aequinoctialis","White-chinned Petrel","South Georgia (Islas Georgias del Sur)","Bird Island (SGSSI (IGSISS))",-54,-38.03,"GPS","HT65676","82178","adult","male","incubation","breeding",1421407860,NA,NA,-63.9038208684458,-46.6140508508921
2015-01-16 23:31:00,1386,"Procellaria aequinoctialis","White-chinned Petrel","South Georgia (Islas Georgias del Sur)","Bird Island (SGSSI (IGSISS))",-54,-38.03,"GPS","HT65676","82178","adult","male","incubation","breeding",1421451060,NA,NA,-63.1537443131186,-46.5401099998344
2015-01-17 11:31:00,1386,"Procellaria aequinoctialis","White-chinned Petrel","South Georgia (Islas Georgias del Sur)","Bird Island (SGSSI (IGSISS))",-54,-38.03,"GPS","HT65676","82178","adult","male","incubation","breeding",1421494260,NA,NA,-62.8314911594516,-47.3909174631581
2015-01-17 23:31:00,1386,"Procellaria aequinoctialis","White-chinned Petrel","South Georgia (Islas Georgias del Sur)","Bird Island (SGSSI (IGSISS))",-54,-38.03,"GPS","HT65676","82178","adult","male","incubation","breeding",1421537460,NA,NA,-63.8534504270399,-48.0889220355052
2015-01-18 11:31:00,1386,"Procellaria aequinoctialis","White-chinned Petrel","South Georgia (Islas Georgias del Sur)","Bird Island (SGSSI (IGSISS))",-54,-38.03,"GPS","HT65676","82178","adult","male","incubation","breeding",1421580660,NA,NA,-63.303378830481,-47.6129615946163
2015-01-18 23:31:00,1386,"Procellaria aequinoctialis","White-chinned Petrel","South Georgia (Islas Georgias del Sur)","Bird Island (SGSSI (IGSISS))",-54,-38.03,"GPS","HT65676","82178","adult","male","incubation","breeding",1421623860,NA,NA,-63.5035646434939,-47.6387308926875
2015-01-19 11:31:00,1386,"Procellaria aequinoctialis","White-chinned Petrel","South Georgia (Islas Georgias del Sur)","Bird Island (SGSSI (IGSISS))",-54,-38.03,"GPS","HT65676","82178","adult","male","incubation","breeding",1421667060,NA,NA,-63.5670492033969,-47.5204705147272
2015-01-19 23:31:00,1386,"Procellaria aequinoctialis","White-chinned Petrel","South Georgia (Islas Georgias del Sur)","Bird Island (SGSSI (IGSISS))",-54,-38.03,"GPS","HT65676","82178","adult","male","incubation","breeding",1421710260,NA,NA,-63.5359994791045,-47.6862881609891
2015-01-20 11:31:00,1386,"Procellaria aequinoctialis","White-chinned Petrel","South Georgia (Islas Georgias del Sur)","Bird Island (SGSSI (IGSISS))",-54,-38.03,"GPS","HT65676","82178","adult","male","incubation","breeding",1421753460,NA,NA,-61.1532706318146,-47.8196607020476
2015-01-20 23:31:00,1386,"Procellaria aequinoctialis","White-chinned Petrel","South Georgia (Islas Georgias del Sur)","Bird Island (SGSSI (IGSISS))",-54,-38.03,"GPS","HT65676","82178","adult","male","incubation","breeding",1421796660,NA,NA,-59.6372119086865,-49.4057097097558
2015-01-21 11:31:00,1386,"Procellaria aequinoctialis","White-chinned Petrel","South Georgia (Islas Georgias del Sur)","Bird Island (SGSSI (IGSISS))",-54,-38.03,"GPS","HT65676","82178","adult","male","incubation","breeding",1421839860,NA,NA,-58.5339890286925,-50.9389616574717
2015-01-21 23:31:00,1386,"Procellaria aequinoctialis","White-chinned Petrel","South Georgia (Islas Georgias del Sur)","Bird Island (SGSSI (IGSISS))",-54,-38.03,"GPS","HT65676","82178","adult","male","incubation","breeding",1421883060,NA,NA,-53.655543525519,-53.5103791990065
2015-01-22 11:31:00,1386,"Procellaria aequinoctialis","White-chinned Petrel","South Georgia (Islas Georgias del Sur)","Bird Island (SGSSI (IGSISS))",-54,-38.03,"GPS","HT65676","82178","adult","male","incubation","breeding",1421926260,NA,NA,-46.5971991804559,-55.1112239576697
